Type,RIC,WC06001,GEOGN,WC18272,WC18273,WC07021,ICBIC,ICBIN,WC07536,ESG_2015,ESG_2016,ESG_2017,ESG_2018,ESG_2019,ESG_2020,ESG_2021,ESG_2022,ESG_2023,ESG_2024,ESG_2025
D:SIE,SIEGn.F,SIEMENS AG,GERMANY,1847,1977,3699,50,Industrials,IFRS,83.52,82.46,83.32,83.21,84.46,86.0,85.04,84.75,83.06,80.51,80.79
D:SAP,SAPG.F,SAP SE,GERMANY,1972,2014,7372,10,Technology,IFRS,90.55,91.56,93.67,93.47,94.2,94.49,93.79,89.77,88.39,86.99,86.59
D:ENR,ENR1n.F,SIEMENS ENERGY AG,GERMANY,,,3511,60,Energy,IFRS,,,,,,77.61,73.33,77.84,75.91,71.59,66.88
D:ALV,ALVG.F,ALLIANZ SE,GERMANY,1890,2007,6311,30,Financials,IFRS,88.46,86.65,86.17,94.8,93.78,93.47,91.29,88.88,87.66,86.68,86.8
D:DTE,DTEGn.F,DEUTSCHE TELEKOM AG,GERMANY,1995,1995,4812,15,Telecommunications,IFRS,78.63,79.4,77.24,80.88,83.73,87.66,86.06,82.9,80.99,82.57,83.36
D:IFX,IFXGn.F,INFINEON TECHNOLOGIES AG,GERMANY,1999,1999,3674,10,Technology,IFRS,80.02,82.99,78.09,77.22,76.3,80.96,80.17,76.2,76.43,76.91,80.19
D:MUV2,MUVGn.F,MUENCHENER RUECKVERSICHERUNGS-GESELLSCHAFT IN MUENCHEN AG,GERMANY,1880,1880,6311,30,Financials,IFRS,69.87,69.96,86.1,86.76,85.79,89.1,86.66,88.26,86.41,76.2,76.32
D:RHM,RHMG.F,RHEINMETALL AG,GERMANY,1889,2001,3714,50,Industrials,IFRS,45.66,43.89,40.03,42.53,70.8,77.7,77.26,85.61,84.37,86.85,
D:BAS,BASFn.F,BASF SE,GERMANY,1865,1952,2821,55,Basic Materials,IFRS,87.9,83.78,84.29,90.37,90.32,92.06,90.57,89.85,88.97,87.34,87.6
D:DBK,DBKGn.F,DEUTSCHE BANK AKTIENGESELLSCHAFT,GERMANY,1870,1870,6029,30,Financials,IFRS,76.73,76.97,80.09,81.53,85.41,85.96,78.9,82.29,81.35,78.07,76.45
D:DHL,DHLn.F,DEUTSCHE POST AG,GERMANY,1995,1995,4311,50,Industrials,IFRS,80.36,82.87,79.5,80.64,86.35,84.57,82.51,73.9,74.46,77.59,75.69
D:EOAN,EONGn.F,E.ON SE,GERMANY,1916,1920,4911,65,Utilities,IFRS,78.35,77.42,67.77,74.89,74.81,67.9,68.5,69.31,64.84,67.16,67.92
D:BMW,BMWG.F,BAYERISCHE MOTOREN WERKE AKTIENGESELLSCHAFT,GERMANY,1916,1916,3711,40,Consumer Discretionary,IFRS,85.84,87.1,83.53,83.27,87.6,86.56,90.18,92.77,89.69,87.7,88.99
D:MBG,MBGn.F,MERCEDES-BENZ GROUP AG,GERMANY,1998,1998,3711,40,Consumer Discretionary,IFRS,93.03,92.21,90.96,93.62,92.72,93.0,91.43,90.62,89.71,82.42,82.88
D:DB1,DB1Gn.F,DEUTSCHE BOERSE AG,GERMANY,1990,1993,6231,30,Financials,IFRS,69.32,72.19,72.78,74.05,75.01,76.84,74.92,69.7,66.77,67.57,69.93
D:RWE,RWEG.F,RWE AG,GERMANY,1898,1898,4911,65,Utilities,IFRS,70.92,72.22,71.56,68.71,66.25,69.3,70.25,64.18,65.64,60.75,58.0
D:SHL,SHLG.F,SIEMENS HEALTHINEERS AG,GERMANY,,,3845,20,Health Care,IFRS,,,,75.61,77.18,75.03,76.12,77.05,71.27,64.54,65.75
D:VOW,VOWG.F,VOLKSWAGEN AG,GERMANY,1937,1961,3711,40,Consumer Discretionary,IFRS,80.18,79.92,80.83,82.37,86.66,87.96,81.24,82.34,81.39,82.25,
D:BAYN,BAYGn.F,BAYER AG,GERMANY,1863,1951,2834,20,Health Care,IFRS,74.95,82.92,88.96,89.61,89.81,91.73,92.72,92.69,91.78,89.87,88.66
D:CBK,CBKG.F,COMMERZBANK AKTIENGESELLSCHAFT,GERMANY,1870,1870,6029,30,Financials,IFRS,62.79,69.59,78.53,73.69,76.1,80.98,78.93,77.41,75.81,65.09,64.02
D:ADS,ADSGn.F,ADIDAS AG,GERMANY,1920,1949,3149,40,Consumer Discretionary,IFRS,93.5,88.42,84.51,85.26,89.32,87.96,89.49,88.52,89.68,83.25,83.31
D:HOT,HOTG.F,HOCHTIEF AG,GERMANY,1875,2001,1611,50,Industrials,IFRS,81.48,89.15,86.03,84.59,84.3,86.81,89.16,84.48,85.76,78.79,77.67
D:DTG,DTGGe.F,DAIMLER TRUCK HOLDING AG,GERMANY,,2021,3711,50,Industrials,IFRS,,,,,,,83.54,85.12,83.33,82.98,85.65
D:HNR1,HNRGn.F,HANNOVER RUECK SE,GERMANY,1966,2006,6311,30,Financials,IFRS,71.72,60.34,60.29,63.2,58.05,67.68,71.46,68.18,65.41,57.3,59.05
D:HEI,HEIG.F,HEIDELBERG MATERIALS AG,GERMANY,1873,1889,3241,50,Industrials,IFRS,79.58,80.55,78.03,79.08,75.88,30.55,82.61,82.25,82.15,82.52,82.56
D:TLX,TLXGn.F,TALANX AG,GERMANY,,,6311,30,Financials,IFRS,,,,,52.78,67.05,83.29,80.42,75.67,71.71,72.33
D:FRE,FREG.F,FRESENIUS SE & CO KGAA,GERMANY,1912,2011,8092,20,Health Care,IFRS,46.48,43.91,64.56,75.12,78.65,82.77,79.02,73.48,73.69,73.73,74.62
D:EBK,EBKG.F,ENBW ENERGIE BADEN-WURTTEMBERG AG,GERMANY,,,4911,65,Utilities,IFRS,,,,,,53.58,54.59,49.46,53.96,57.36,
D:HLAG,HLAG.F,HAPAG-LLOYD AG,GERMANY,1970,,4412,50,Industrials,IFRS,,,62.44,66.71,64.57,66.48,53.98,71.38,74.36,66.71,67.02
D:HEN,HNKG.F,HENKEL AG AND CO. KGAA,GERMANY,1876,1878,2891,55,Basic Materials,IFRS,78.01,72.26,71.46,69.81,80.83,83.15,82.19,80.86,82.0,75.57,76.5
D:MTX,MTXGn.F,MTU AERO ENGINES AG,GERMANY,,,3724,50,Industrials,IFRS,73.87,78.11,75.77,81.17,82.26,86.59,85.36,82.04,88.24,84.23,82.02
D:VTWR,VTWRn.H,VANTAGE TOWERS AG,GERMANY,,2021,1623,50,Industrials,Local standards,,,,,,,,26.81,19.73,,
D:VNA,VNAn.F,VONOVIA SE,GERMANY,,2017,6513,35,Real Estate,IFRS,23.78,35.7,60.26,73.45,72.84,86.23,84.86,83.1,85.36,80.29,79.02
D:BEI,BEIG.F,BEIERSDORF AG,GERMANY,1882,1882,2844,45,Consumer Staples,IFRS,54.05,59.21,60.6,64.56,67.41,69.93,65.96,65.0,66.05,65.56,66.19
D:LHA,LHAG.F,DEUTSCHE LUFTHANSA AG,GERMANY,1926,1954,4512,40,Consumer Discretionary,IFRS,67.4,72.47,72.48,76.39,73.35,68.88,75.13,74.0,65.58,71.04,68.42
D:UN0,UN0k.F,UNIPER SE,GERMANY,,,4911,65,Utilities,IFRS,,50.03,65.43,63.94,61.86,53.67,61.87,59.21,54.45,56.69,
D:KBX,KBX.F,KNORR BREMSE AG,GERMANY,,,3743,50,Industrials,IFRS,,,55.96,64.11,69.55,77.11,79.57,79.7,79.61,70.62,69.65
D:8TRA,8TRA.F,TRATON SE,GERMANY,,,3711,50,Industrials,IFRS,,,,,25.48,32.78,46.26,47.49,63.02,71.05,71.31
D:CON,CONG.F,CONTINENTAL AG,GERMANY,1871,1871,3011,40,Consumer Discretionary,IFRS,80.69,84.48,83.7,78.84,81.5,77.91,74.89,79.54,74.43,68.11,68.52
D:MRK,MRCG.F,MERCK KGAA,GERMANY,1827,1827,2834,20,Health Care,IFRS,80.02,80.5,79.06,84.66,85.77,84.43,86.32,85.66,84.75,83.29,83.25
D:TUI1,TUI1n.F,TUI AG,GERMANY,1923,1923,4725,40,Consumer Discretionary,IFRS,73.59,83.77,81.61,83.61,83.92,79.98,76.83,75.76,70.68,63.57,61.85
D:BNR,BNRGn.F,BRENNTAG SE,GERMANY,,2017,5169,55,Basic Materials,IFRS,42.06,57.04,56.9,61.59,59.51,62.68,59.37,64.3,67.98,67.73,66.69
D:1COV,1COVG.F,COVESTRO AG,GERMANY,,,2821,55,Basic Materials,IFRS,52.45,66.4,69.16,74.02,74.05,77.39,78.03,81.84,77.56,66.41,64.83
D:DWS,DWSG.F,DWS GROUP GMBH & CO KGAA,GERMANY,,,6282,30,Financials,IFRS,,,,46.0,56.64,64.65,55.01,70.47,67.64,67.34,70.33
D:EVK,EVKn.F,EVONIK INDUSTRIES AG,GERMANY,1968,2006,2869,55,Basic Materials,IFRS,87.31,88.08,87.99,87.09,86.34,84.59,87.01,86.7,84.0,79.59,80.78
D:FME,FMEG.F,FRESENIUS MEDICAL CARE AG,GERMANY,1996,1996,8092,20,Health Care,IFRS,68.92,72.72,73.58,80.08,79.29,83.14,85.9,82.97,84.74,83.88,83.8
D:1U1,1U1.F,1&1 AG,GERMANY,1997,2004,4812,15,Telecommunications,IFRS,,,24.96,41.4,34.49,42.88,60.59,69.58,71.34,67.75,67.08
D:DHER,DHER.F,DELIVERY HERO SE,GERMANY,,,7375,40,Consumer Discretionary,IFRS,,,54.76,63.72,71.24,82.04,79.3,79.86,78.6,80.38,80.27
D:G1A,G1AG.F,GEA GROUP AG,GERMANY,1881,2011,3556,50,Industrials,IFRS,39.0,49.21,63.36,68.8,69.08,68.54,68.3,82.4,84.52,83.03,
D:NDX1,NDXG.F,NORDEX SE,GERMANY,2000,2010,3511,60,Energy,IFRS,,,,49.27,51.35,72.22,76.03,76.73,77.24,78.89,78.61
D:SY1,SY1G.F,SYMRISE AG,GERMANY,2002,2006,2844,55,Basic Materials,IFRS,66.62,62.97,69.04,71.5,69.82,74.79,78.22,80.43,80.09,80.24,79.97
D:TKA,TKAG.F,THYSSENKRUPP AG,GERMANY,,1999,5051,50,Industrials,IFRS,73.3,71.43,70.58,67.97,76.61,76.3,71.68,69.54,64.0,59.74,65.13
D:NDA,NAFG.F,AURUBIS AG,GERMANY,1866,1908,3351,55,Basic Materials,IFRS,61.22,66.2,68.29,72.33,77.82,77.66,79.68,80.58,77.07,78.51,80.35
D:DWNI,DWNG.F,DEUTSCHE WOHNEN SE,GERMANY,1996,1996,6513,35,Real Estate,IFRS,47.81,53.46,71.21,72.45,71.01,73.81,79.16,62.5,55.17,54.37,52.86
D:FPE,FPEn.F,FUCHS SE,GERMANY,1931,2013,2992,55,Basic Materials,IFRS,26.13,32.26,50.08,51.98,46.61,54.84,55.74,57.16,54.48,57.07,55.67
D:HLE,HLE.F,HELLA GMBH & CO KGAA,GERMANY,,,3694,40,Consumer Discretionary,IFRS,,,,42.92,47.87,58.62,58.55,59.06,71.14,71.64,71.74
D:HAG,HAGG.F,HENSOLDT AG,GERMANY,,,3812,50,Industrials,IFRS,,,,,,60.17,69.67,72.37,73.51,68.69,70.36
D:NEM,NEKG.F,NEMETSCHEK SE,GERMANY,1997,1997,7372,10,Technology,IFRS,,,18.35,30.11,36.57,51.97,50.05,56.04,57.79,57.5,54.24
D:PUM,PUMG.F,PUMA SE,GERMANY,1924,2011,3149,40,Consumer Discretionary,IFRS,74.53,72.93,72.15,70.6,78.27,78.3,82.4,82.35,85.87,86.0,83.6
D:RAA,RAAG.F,RATIONAL AG,GERMANY,1973,1999,3556,40,Consumer Discretionary,IFRS,,,41.08,44.17,46.14,50.97,51.77,52.38,48.9,41.63,40.82
D:SHA0,SHA0n.F,SCHAEFFLER AG,GERMANY,,2014,3714,40,Consumer Discretionary,IFRS,37.37,42.92,47.56,60.66,64.47,74.74,73.41,75.54,73.62,65.53,67.65
D:AIXA,AIXGn.F,AIXTRON SE,GERMANY,,,3559,10,Technology,IFRS,34.91,46.54,56.4,56.08,61.99,76.29,73.76,75.93,77.23,70.89,69.22
D:AG1,AG1G.F,AUTO1 GROUP SE,GERMANY,,2018,7375,40,Consumer Discretionary,IFRS,,,,,,12.96,39.31,37.95,48.72,50.67,49.3
D:EVD,EVDG.F,CTS EVENTIM AG,GERMANY,,,7941,40,Consumer Discretionary,IFRS,,,25.23,26.35,27.37,31.64,30.51,25.86,23.42,30.9,29.26
D:FIE,FIEG.F,FIELMANN GROUP AG,GERMANY,1972,1994,5995,40,Consumer Discretionary,IFRS,27.32,22.37,35.73,39.74,40.32,43.58,45.74,42.86,44.9,44.46,
D:FRA,FRAG.F,FRAPORT AG FRANKFURT AIRPORT SERVICES WORLDWIDE,GERMANY,1924,2004,4581,50,Industrials,IFRS,86.24,85.82,81.23,81.73,81.39,82.15,75.94,75.96,72.37,69.16,67.34
D:9HF,9HF.D,HB HOLDING NV,GERMANY,,2020,6099,35,Real Estate,OTHER,,,,,,,,,,,
D:KGX,KGX.F,KION GROUP AG,GERMANY,,,3537,50,Industrials,IFRS,34.17,46.32,60.62,63.52,63.89,77.88,71.97,72.65,71.93,76.38,76.78
D:KRN,KRNG.F,KRONES AG,GERMANY,1951,1980,3565,50,Industrials,IFRS,,,45.96,44.72,45.52,51.39,46.61,49.1,55.73,63.4,63.23
D:LEG,LEGn.F,LEG IMMOBILIEN SE,GERMANY,,,6513,35,Real Estate,IFRS,41.78,45.12,57.65,59.62,62.2,63.07,69.25,77.21,68.84,61.92,62.4
D:OHB,OHBG.F,OHB SE,GERMANY,1993,,3812,15,Telecommunications,IFRS,,,,31.7,27.3,35.22,40.96,38.59,40.11,36.47,
D:OSR,OSRn.H,OSRAM LICHT AG,GERMANY,,,3648,50,Industrials,,66.41,71.94,78.54,83.74,83.39,82.96,82.65,,,,
U:QGEN,QGEN.K,QIAGEN N.V.,GERMANY,,1996,2836,20,Health Care,US standards (GAAP),66.29,61.66,73.43,76.33,80.26,85.19,79.77,84.95,83.73,81.96,83.66
D:R3NK,R3NK.F,RENK GROUP AG,GERMANY,,2020,3694,50,Industrials,IFRS,,,,,,,,,43.71,51.54,55.17
D:SRT,SATG.F,SARTORIUS AG,GERMANY,1870,1990,3826,20,Health Care,IFRS,58.02,66.7,68.6,73.62,74.88,78.99,81.02,83.73,79.01,81.86,79.47
D:G24,G24n.F,SCOUT24 SE,GERMANY,,,7375,10,Technology,IFRS,,31.84,42.65,56.95,56.56,70.58,70.57,64.01,65.87,66.79,64.49
D:O2D,O2Dn.H,TELEFONICA DEUTSCHLAND HOLDING AG,GERMANY,,,4812,15,Telecommunications,IFRS,40.99,43.89,56.65,59.23,67.3,70.68,70.55,69.83,65.55,67.19,68.47
D:TKMS,TKMS.F,TKMS AG & CO KGAA,GERMANY,,2021,3731,50,Industrials,IFRS,,,,,,,,,,,
D:UTDI,UTDI.F,UNITED INTERNET AG,GERMANY,1998,,4813,15,Telecommunications,IFRS,11.02,14.03,30.09,27.07,38.21,40.0,42.18,55.39,54.53,51.42,49.58
D:WCH,WCHG.F,WACKER CHEMIE AG,GERMANY,1914,2005,2821,55,Basic Materials,IFRS,55.17,53.19,64.91,66.7,68.8,72.99,73.83,75.85,74.25,71.55,71.97
D:ZAL,ZALG.F,ZALANDO SE,GERMANY,,,5661,40,Consumer Discretionary,IFRS,42.21,69.84,71.01,74.07,79.69,84.01,70.87,68.25,73.67,72.86,72.42
D:AMV0,AMV0n.F,AUMOVIO SE,GERMANY,,2024,3714,40,Consumer Discretionary,IFRS,,,,,,,,,,,
D:BC8,BC8G.F,BECHTLE AG,GERMANY,1983,2004,7371,10,Technology,IFRS,,,30.2,37.9,55.38,52.87,62.03,73.06,66.6,62.55,65.17
D:GBF,GBFG.F,BILFINGER SE,GERMANY,1880,2010,1541,50,Industrials,IFRS,69.86,63.57,72.61,71.23,67.97,68.56,55.8,65.51,66.55,70.13,71.82
D:BOSS,BOSSn.F,HUGO BOSS AG,GERMANY,1923,1948,2329,40,Consumer Discretionary,IFRS,74.31,74.75,86.42,84.14,85.21,86.91,86.27,87.54,86.38,84.09,
D:AFX,AFXG.F,CARL ZEISS MEDITEC AG,GERMANY,1977,1995,3845,20,Health Care,IFRS,,,54.71,61.13,64.64,69.45,66.1,67.65,64.96,63.58,61.34
D:CEC,CECG.F,CECONOMY AG,GERMANY,1996,1996,5722,40,Consumer Discretionary,IFRS,73.28,74.82,75.74,64.17,62.7,74.69,78.5,76.2,76.28,68.28,69.61
D:DMP,DMPG.F,DERMAPHARM HOLDING SE,GERMANY,,,2834,20,Health Care,IFRS,,,,,38.78,43.29,42.75,47.27,43.3,40.39,
D:DBKX,DBKGn.DE,DEUTSCHE BANK AKTIENGESELLSCHAFT,GERMANY,1870,1870,6029,30,Financials,IFRS,76.73,76.97,80.09,81.53,85.41,85.96,78.9,82.29,81.35,78.07,76.45
D:GIL,GILG.F,DMG MORI AG,GERMANY,1870,1899,3541,50,Industrials,IFRS,,,34.19,37.77,38.71,50.88,54.4,49.88,51.0,46.97,49.33
D:ELG,ELGG.F,ELMOS SEMICONDUCTOR SE,GERMANY,1984,1999,3674,10,Technology,IFRS,,,,25.36,33.67,34.54,48.06,60.0,57.61,59.49,59.6
D:EVTX,EVTG.DE,EVOTEC SE,GERMANY,1993,1998,2834,20,Health Care,IFRS,,,57.72,60.96,67.63,75.17,81.7,79.53,77.88,76.36,
D:FTK,FTKn.F,FLATEXDEGIRO SE,GERMANY,,,6211,30,Financials,IFRS,,,,12.82,14.91,41.29,31.95,62.89,59.48,61.0,56.2
D:FNTN,FNTGn.F,FREENET AG,GERMANY,1991,2005,4812,15,Telecommunications,IFRS,10.19,16.72,16.02,31.7,35.01,31.82,35.9,36.45,38.24,44.56,45.84
D:FREX,FREG.DE,FRESENIUS SE & CO KGAA,GERMANY,1912,2011,8092,20,Health Care,IFRS,46.48,43.91,64.56,75.12,78.65,82.77,79.02,73.48,73.69,73.73,74.62
D:FMEX,FMEG.DE,FRESENIUS MEDICAL CARE AG,GERMANY,1996,1996,8092,20,Health Care,IFRS,68.92,72.72,73.58,80.08,79.29,83.14,85.9,82.97,84.74,83.88,83.8
D:GLJX,GLJn.DE,GRENKE AG,GERMANY,1978,1997,7359,30,Financials,IFRS,,,35.84,48.89,38.55,44.53,54.12,75.97,74.82,78.13,77.46
D:GIB,GIBG.H,GSW IMMOBILIEN AG,GERMANY,,,6513,40,Consumer Discretionary,Local standards,52.91,,,,,,,,,,
D:HEIX,HEIG.DE,HEIDELBERG MATERIALS AG,GERMANY,1873,1889,3241,50,Industrials,IFRS,79.58,80.55,78.03,79.08,75.88,30.55,82.61,82.25,82.15,82.52,82.56
D:HBM,HBMG.H,HORNBACH BAUMARKT AG,GERMANY,1877,1992,5211,40,Consumer Discretionary,IFRS,,,,,48.54,51.7,51.16,41.71,44.94,43.14,43.66
D:IFXX,IFXGn.DE,INFINEON TECHNOLOGIES AG,GERMANY,1999,1999,3674,10,Technology,IFRS,80.02,82.99,78.09,77.22,76.3,80.96,80.17,76.2,76.43,76.91,80.19
D:IOS,IOSn.F,IONOS GROUP SE,GERMANY,,2016,7374,10,Technology,IFRS,,,,,,,,,,,
D:SDF,SDFGn.F,K+S AG,GERMANY,1889,1889,2875,55,Basic Materials,IFRS,37.92,36.99,44.1,51.23,51.88,54.96,51.39,56.68,56.54,51.62,58.81
D:KWS,KWSG.F,KWS SAAT SE & CO KGAA,GERMANY,1864,2007,115,45,Consumer Staples,IFRS,,,,46.8,49.58,47.73,59.58,55.73,56.07,49.59,51.29
D:LEC,LECG.F,LECHWERKE AG,GERMANY,1903,2002,4911,65,Utilities,Local standards,,,,,,,,,,,
D:LEGX,LEGn.DE,LEG IMMOBILIEN SE,GERMANY,,,6513,35,Real Estate,IFRS,41.78,45.12,57.65,59.62,62.2,63.07,69.25,77.21,68.84,61.92,62.4
D:MRKX,MRCG.DE,MERCK KGAA,GERMANY,1827,1827,2834,20,Health Care,IFRS,80.02,80.5,79.06,84.66,85.77,84.43,86.32,85.66,84.75,83.29,83.25
D:B4B,B4B.H,METRO AG,GERMANY,,,5411,20,Health Care,IFRS,,,56.35,53.69,55.8,66.9,68.35,65.37,63.55,58.2,57.0
D:MUV2X,MUVGn.DE,MUENCHENER RUECKVERSICHERUNGS-GESELLSCHAFT IN MUENCHEN AG,GERMANY,1880,1880,6311,30,Financials,IFRS,69.87,69.96,86.1,86.76,85.79,89.1,86.66,88.26,86.41,76.2,76.32
D:MVV1,MVVGn.F,MVV ENERGIE AG,GERMANY,1974,2005,4911,65,Utilities,IFRS,46.31,42.27,46.84,53.81,50.72,48.5,43.0,49.14,50.64,44.23,42.12
D:NEMX,NEKG.DE,NEMETSCHEK SE,GERMANY,1997,1997,7372,10,Technology,IFRS,,,18.35,30.11,36.57,51.97,50.05,56.04,57.79,57.5,54.24
D:OBCK,OBCK.F,OTTOBOCK SE & CO KGAA,GERMANY,,2018,3842,20,Health Care,IFRS,,,,,,,,,,,
D:RKET,RKET.H,ROCKET INTERNET SE,GERMANY,,,6799,30,Financials,,,,19.03,16.66,22.37,,,,,,
D:SZG,SZGG.F,SALZGITTER AG,GERMANY,1858,2005,3312,55,Basic Materials,IFRS,27.54,35.66,54.44,57.32,60.08,62.27,62.66,62.3,65.42,63.27,62.87
D:1SXP,1SXP.F,SCHOTT PHARMA AG & CO KGAA,GERMANY,,2022,3841,20,Health Care,IFRS,,,,,,,,,66.02,65.55,67.27
D:SIEX,SIEGn.DE,SIEMENS AG,GERMANY,1847,1977,3699,50,Industrials,IFRS,83.52,82.46,83.32,83.21,84.46,86.0,85.04,84.75,83.06,80.51,80.79
D:WAF,WAFGn.F,SILTRONIC AG,GERMANY,,2004,3674,10,Technology,IFRS,,,46.3,45.47,55.59,61.83,57.11,55.02,57.65,61.89,63.7
D:SIX2,SIXG.F,SIXT SE,GERMANY,1979,2013,7514,40,Consumer Discretionary,IFRS,,,11.55,29.66,29.49,33.76,34.82,52.27,57.18,61.79,60.54
D:SWVK,SWVk.H,SOLARWORLD AG,GERMANY,1998,1999,3674,60,Energy,,66.81,62.91,69.0,,,,,,,,
D:SPG,SPGG.F,SPRINGER NATURE AG & CO KGAA,GERMANY,,2018,7375,40,Consumer Discretionary,IFRS,,,,,,,,,,,
D:SAX,SAXG.F,STROEER SE & CO KGAA,GERMANY,,,7312,40,Consumer Discretionary,IFRS,,,19.31,23.69,39.74,56.54,78.09,71.97,71.1,75.61,77.25
D:SZU,SZUG.F,SUEDZUCKER AG,GERMANY,1926,,2063,45,Consumer Staples,IFRS,33.64,48.24,44.54,48.08,53.13,60.13,62.5,59.82,56.57,53.01,52.51
D:TEG,TEGG.F,TAG IMMOBILIEN AG,GERMANY,1882,2008,6513,35,Real Estate,IFRS,,,48.02,48.66,56.27,62.17,67.84,65.14,65.24,70.32,69.05
D:T2G,T2GG.F,TRADEGATE AG,GERMANY,,,6211,30,Financials,Local standards,,,,,,,,,,,
D:VBK,VBKG.F,VERBIO SE,GERMANY,,,2869,60,Energy,IFRS,,,,27.35,42.08,49.22,49.1,46.94,46.65,54.32,56.11
D:Z29,Z29.F,029 GROUP SE,GERMANY,,,6799,10,Technology,Local standards,,,,,,,,,,,
D:2GB,2GBG.F,2G ENERGY AG,GERMANY,,,3621,60,Energy,Local standards,,,,,,30.36,30.19,29.97,24.43,25.27,
D:ADN1,ADNGk.F,ADESSO SE,GERMANY,2000,,7373,10,Technology,IFRS,,,,,18.33,18.46,59.02,52.85,62.53,54.13,
D:ADV,ADVG.F,ADTRAN NETWORKS SE,GERMANY,1994,2012,3661,15,Telecommunications,IFRS,,,,73.74,70.54,70.52,74.59,68.88,65.21,61.97,
D:LNSX,LNSX.F,SIXT LEASING SE,GERMANY,,2004,7515,40,Consumer Discretionary,IFRS,,,,23.39,22.81,20.15,19.51,17.3,19.86,21.28,
D:ACT,ACT1.F,ALZCHEM GROUP AG,GERMANY,,,2819,55,Basic Materials,IFRS,,,,,,20.98,23.08,47.39,46.43,44.56,44.98
@NNNN,NNNN.O,ANBIO BIOTECHNOLOGY,GERMANY,,2021,2835,20,Health Care,US standards (GAAP),,,,,,,,,,,
D:AOF,AOFG.F,ATOSS SOFTWARE SE,GERMANY,1987,,7372,10,Technology,IFRS,,,,,,,,,35.59,34.05,35.01
D:AR4,AR4k.H,AUR PORTFOLIO III SE & CO KGAA,GERMANY,2015,2015,6799,30,Financials,,,,,24.25,20.24,23.73,23.09,25.51,18.81,,
W:TFBANK,AVARDA.ST,AVARDA BANK AB,GERMANY,,,6029,30,Financials,IFRS,,,,,,34.29,36.94,36.25,49.19,43.65,42.62
D:BWB,BLMG.F,BAADER BANK AG,GERMANY,,,6211,30,Financials,Local standards,,,,,,,,,,,
D:BSL,BSLG.F,BASLER AG,GERMANY,1988,,3669,50,Industrials,IFRS,,,,28.3,19.79,31.01,23.92,44.88,34.59,33.65,
D:B5A0,B5A0n.H,BAUER AG,GERMANY,,,1794,50,Industrials,IFRS,,,,,,39.06,36.45,38.14,40.1,46.93,
D:B8A,B8AG.MU,BAVARIA INDUSTRIES GROUP AG,GERMANY,,,3568,30,Financials,Local standards,,,,,,,,,,,
D:BYW6,BYWGnx.F,BAYWA AG,GERMANY,1923,1996,5153,50,Industrials,IFRS,,,,47.6,48.44,61.01,64.83,67.09,75.56,67.12,
D:BFSA,BFSA.F,BEFESA SA,GERMANY,,2013,4212,65,Utilities,IFRS,,,,51.57,70.79,68.18,76.63,75.49,72.79,72.46,
D:BFV,BEFG.F,BERLINER EFFEKTENGESELLSCHAFT AG,GERMANY,1986,,6211,55,Basic Materials,Local standards,,,,,,,,,,,
D:BIJ,BIJG.F,BIJOU BRIGITTE MODISCHE ACCESSOIRES AKTIENGESELLSCHAFT,GERMANY,1963,,5944,40,Consumer Discretionary,IFRS,,,,,,6.98,5.84,8.86,19.74,15.81,
D:BIO,BIOG.H,BIOTEST GMBH AND CO. KGAA,GERMANY,1946,2006,2834,45,Consumer Staples,IFRS,,,,52.22,56.01,57.45,58.55,49.98,45.61,47.31,
D:BVB,BVB.F,BORUSSIA DORTMUND GMBH & CO. KGAA,GERMANY,1909,,7941,40,Consumer Discretionary,IFRS,,,,,47.85,49.9,46.68,51.56,58.71,65.61,64.15
D:COK,COKG.F,CANCOM SE,GERMANY,1992,2013,7373,10,Technology,IFRS,,,,42.33,49.79,48.05,59.19,54.37,59.23,61.09,55.55
D:CEV,CEVG.H,CENTROTEC SE,GERMANY,,,3433,50,Industrials,,,,,,,,,,,,
D:CTNK,CTNGk.F,CENTROTHERM INTERNATIONAL AG,GERMANY,,,3559,60,Energy,IFRS,14.24,16.31,20.09,17.59,18.85,2.86,17.92,16.45,14.53,13.5,
D:CWC,CWCG.F,CEWE STIFTUNG AND CO KGAA,GERMANY,1961,2013,3861,40,Consumer Discretionary,IFRS,,,,51.37,48.7,55.24,59.47,66.96,64.07,64.23,
D:CHG,CHG1.F,CHAPTERS GROUP AG,GERMANY,,,8741,10,Technology,Local standards,,,,,,,,,,,
D:KBU,KBUG.H,TAG COLONIA IMMOBILIEN AG,GERMANY,1898,,6513,35,Real Estate,Local standards,,,,,,,,,,,
D:COP,COP1n.H,COMPUGROUP MEDICAL SE & CO KGAA,GERMANY,1978,1994,7372,20,Health Care,IFRS,,,,26.69,29.87,39.04,36.49,35.42,46.03,43.02,45.61
D:CE2,CE2G.H,CROPENERGIES AG,GERMANY,,,2869,60,Energy,,,,,,,46.26,49.51,44.87,50.15,,
D:D6H,D6HG.F,DATAGROUP SE,GERMANY,,,7373,10,Technology,IFRS,,,,,,20.46,17.72,28.33,28.86,30.48,29.69
D:BBHK,BBHKk.H,DEUTSCHE BALATON AG,GERMANY,1991,,6799,50,Industrials,IFRS,,,,,,,,,,,
D:DBAN,DBANn.F,DEUTSCHE BETEILIGUNGS AG,GERMANY,1984,,6799,30,Financials,IFRS,,,,36.03,49.11,43.88,36.2,39.67,45.02,41.86,39.22
D:DEQ,DEQGn.F,DEUTSCHE EUROSHOP AG,GERMANY,1997,1997,6531,35,Real Estate,IFRS,13.2,16.82,18.28,20.43,25.24,26.15,27.03,27.3,28.41,29.99,
D:DRE2,DREGa.F,DEUTSCHE REAL ESTATE AKTIENGESELLSCHAFT,GERMANY,1871,,6512,35,Real Estate,IFRS,,,,,,,,,,,
D:DR0,DR0G.F,DEUTSCHE ROHSTOFF AG,GERMANY,,,1311,60,Energy,Local standards,,,,,,,,,,,
D:DEZ,DEZG.F,DEUTZ AKTIENGESELLSCHAFT,GERMANY,1864,2001,3519,50,Industrials,IFRS,,,,59.55,56.75,65.38,66.1,66.07,63.81,58.98,59.77
D:DWB,DWBG.SG,DINKELACKER AG,GERMANY,1888,,6512,35,Real Estate,Local standards,,,,,,,,,,,
D:D77,D77n.F,DN GROUP AG,GERMANY,,2012,6799,30,Financials,,,,,,,,,,,,
D:DOU,DOUn.F,DOUGLAS AG,GERMANY,,2024,5999,40,Consumer Discretionary,IFRS,,,,,,,,,,,
D:PBB,PBBG.F,DEUTSCHE PFANDBRIEFBANK AG,GERMANY,1869,,6162,30,Financials,IFRS,,,,57.18,59.1,59.18,62.43,59.82,63.21,65.78,64.83
D:DUE,DUEG.F,DUERR AG,GERMANY,1896,1989,3553,50,Industrials,IFRS,28.87,30.84,28.88,38.59,41.79,54.63,62.8,62.54,68.2,79.06,77.75
D:EUZ,EUZG.F,ECKERT & ZIEGLER SE,GERMANY,,,2819,20,Health Care,IFRS,,,,,38.99,49.09,36.1,52.95,56.87,60.26,
D:EIS,EISG.F,EISEN UND HUTTENWERKE AG,GERMANY,1918,,6799,55,Basic Materials,Local standards,,,,,,,,,,,
D:ZIL2,ZILGn.F,ELRINGKLINGER AG,GERMANY,1872,1938,3714,40,Consumer Discretionary,IFRS,53.72,49.93,47.58,45.96,41.04,49.84,51.27,49.68,51.81,55.64,46.67
D:STW5,SWHGg.F,ENERCITY AG,GERMANY,,,4911,30,Financials,,,,,,,,,,,,
D:EKT,EKTG.F,ENERGIEKONTOR AG,GERMANY,1990,1996,4911,65,Utilities,IFRS,,,,,,,,,15.96,17.12,
D:ETG,ETGG.F,ENVITEC BIOGAS AG,GERMANY,,,4911,60,Energy,Local standards,,,,,,1.97,3.08,5.74,5.53,5.25,
D:ERAG,ERAGn.F,ERNST RUSS AG,GERMANY,,,6282,50,Industrials,Local standards,,,,,,,,,,,
D:EUX,EUXG.F,EUWAX AG,GERMANY,1999,,6211,30,Financials,Local standards,,,,,,,,,,,
D:EVT,EVTG.F,EVOTEC SE,GERMANY,1993,1998,2834,20,Health Care,IFRS,,,57.72,60.96,67.63,75.17,81.7,79.53,77.88,76.36,
D:SIS,SISG.F,FIRST SENSOR AG,GERMANY,1991,,3674,50,Industrials,IFRS,,,,,,40.21,34.85,38.96,42.51,43.75,
D:FYB,FYB.F,FORMYCON AG,GERMANY,,,8731,20,Health Care,IFRS,,,,,,,,,,,
D:FQT,FQT.F,FREQUENTIS AG,GERMANY,,1947,4581,50,Industrials,IFRS,,,,,,54.27,51.98,53.49,57.96,53.4,
D:VH2,VH2.F,FRIEDRICH VORWERK GROUP SE,GERMANY,,,1623,50,Industrials,IFRS,,,,,,,,,,,
D:NLM,HNDG.F,FROSTA AG,GERMANY,1905,,2092,45,Consumer Staples,Local standards,,,,,,12.91,8.83,10.13,18.33,20.27,19.7
D:FEW0,FEW0n.SG,FUNKWERK AG,GERMANY,2000,,3663,15,Telecommunications,Local standards,,,,,,,,,,,
D:XK4,XK4.F,,GERMANY,,,,50,Industrials,,,,,,,,,,,,
D:WWG,WWGG.F,GELSENWASSER AG,GERMANY,1887,1900,4924,65,Utilities,IFRS,,,,,,,,,,,
D:GXI,GXIG.F,GERRESHEIMER AG,GERMANY,,,3089,20,Health Care,IFRS,43.39,52.91,58.33,71.85,74.83,75.01,76.43,72.63,71.7,72.0,
D:GFT,GFTG.F,GFT TECHNOLOGIES SE,GERMANY,1987,2008,7373,10,Technology,IFRS,,,,42.21,41.94,54.84,58.06,61.51,58.9,59.9,57.58
D:GYC,GYC.F,GRAND CITY PROPERTIES SA,GERMANY,,2011,6513,35,Real Estate,IFRS,,,41.02,42.23,44.2,47.87,41.98,49.2,49.85,51.19,51.24
D:GLJ,GLJn.F,GRENKE AG,GERMANY,1978,1997,7359,30,Financials,IFRS,,,35.84,48.89,38.55,44.53,54.12,75.97,74.82,78.13,77.46
D:HHFA,HHFGn.F,HAMBURGER HAFEN UND LOGISTIK AG,GERMANY,,,4491,50,Industrials,IFRS,45.81,47.57,50.92,55.48,67.21,68.37,58.2,57.1,54.16,51.93,51.91
D:HABA,HABAn.F,HAMBORNER AG,GERMANY,1953,,6512,35,Real Estate,IFRS,,,,29.72,40.15,44.99,51.83,51.61,61.14,57.34,
D:HDD,HDDG.F,HEIDELBERGER DRUCKMASCHINEN AG,GERMANY,1850,1900,3559,50,Industrials,IFRS,33.16,42.46,43.57,52.33,53.25,55.0,50.6,49.0,71.67,71.07,61.38
D:HFG,HFGG.F,HELLOFRESH SE,GERMANY,,,5411,45,Consumer Staples,IFRS,,,,40.93,47.57,66.66,78.82,76.99,75.12,77.71,75.54
D:HOC,HOC.H,HOLIDAYCHECK GROUP AG,GERMANY,,,7375,10,Technology,,,,,,,,,,,,
D:HG1,HG1G.F,HOMAG GROUP AG,GERMANY,,,3553,50,Industrials,Local standards,,,,,,,,,,,
D:HTG,HTGG.F,HOMETOGO SE,GERMANY,,2020,7375,40,Consumer Discretionary,IFRS,,,,,,,,,,,
D:HYQ,HYQGn.F,HYPOPORT SE,GERMANY,,,7372,30,Financials,IFRS,,,,36.32,39.74,42.9,41.14,38.39,38.92,42.51,42.66
D:INH,INHG.F,INDUS HOLDING AG,GERMANY,1989,1991,3465,50,Industrials,IFRS,,,,24.98,32.92,36.53,34.07,27.64,25.61,26.82,21.71
D:IXX,IXXG.F,INIT INNOVATION IN TRAFFIC SYSTEMS SE,GERMANY,1983,,7372,10,Technology,IFRS,,,,,,29.21,29.93,33.27,37.83,37.65,35.56
D:1INN,1INN.F,INNOSCRIPTA SE,GERMANY,,2012,7372,10,Technology,Local standards,,,,,,,,,,,
D:INS,INS2.F,INSTONE REAL ESTATE GROUP SE,GERMANY,,,1531,35,Real Estate,IFRS,,,,,,49.42,58.51,56.65,73.84,71.72,71.14
D:IVU,IVUG.F,IVU TRAFFIC TECHNOLOGIES AG,GERMANY,1976,,7372,10,Technology,IFRS,,,,,,34.56,37.26,47.26,47.07,39.2,41.6
@JRVR,JRVR.O,JAMES RIVER GROUP HOLDINGS INC,GERMANY,,2007,6411,30,Financials,US standards (GAAP),,26.61,20.66,16.86,24.37,3.42,27.8,30.51,24.12,31.12,30.65
D:JDC,JDC.F,JDC GROUP AG,GERMANY,,,6211,30,Financials,IFRS,,,,,,,,,,,
D:JEN,JENGn.F,JENOPTIK AG,GERMANY,1991,,3674,10,Technology,IFRS,,,,47.9,52.99,56.45,67.54,66.85,68.22,66.36,66.66
D:JST,JST.F,JOST WERKE SE,GERMANY,,,3711,40,Consumer Discretionary,IFRS,,,,42.93,42.46,51.26,58.27,60.87,56.77,56.34,55.15
D:KCO,KCOGn.F,KLOECKNER & CO SE,GERMANY,,,5051,55,Basic Materials,IFRS,46.79,47.05,48.76,48.45,46.47,50.41,52.57,63.79,61.68,54.91,
D:KTN,KTN.F,KONTRON AG,GERMANY,1990,1990,7372,10,Technology,IFRS,,,,44.28,60.26,66.76,77.32,79.82,73.93,72.87,75.2
D:KSB,KSBG.F,KSB SE & CO KGAA,GERMANY,1871,1916,3594,50,Industrials,IFRS,,,,,,35.15,39.22,50.03,44.86,43.04,43.07
D:LUS1,LUS1n.F,LANG & SCHWARZ AG,GERMANY,,,6211,30,Financials,Local standards,,,,,,,,,,,
D:LXS,LXSG.F,LANXESS AG,GERMANY,1999,2004,2899,55,Basic Materials,IFRS,69.08,63.48,67.22,75.02,78.39,84.89,85.52,86.67,84.73,85.35,84.52
D:TGHN,TGHN.F,LOGWIN AG,GERMANY,1985,1992,8742,50,Industrials,IFRS,,,,,,23.28,19.25,22.15,24.39,30.34,29.9
D:LPK,LPKG.F,LPKF LASER & ELECTRONICS SE,GERMANY,,,3541,10,Technology,IFRS,,,,,32.97,46.9,61.57,69.2,71.88,60.8,60.09
D:IFA,IFAG.H,LS INVEST AG,GERMANY,1982,,7011,40,Consumer Discretionary,IFRS,,,,,,,,,,,
D:M12,M12.F,M1 KLINIKEN AG,GERMANY,,,8011,20,Health Care,IFRS,,,,,,,,,,,
D:MBB,MBBG.F,MBB SE,GERMANY,,,8711,30,Financials,IFRS,,,,17.3,16.86,36.87,23.89,36.21,37.77,33.14,
D:ILM1,ILM1k.F,MEDIOS AG,GERMANY,1980,,5122,20,Health Care,IFRS,,,,,,,,,,,
D:MUM,MUMG.F,MENSCH UND MASCHINE SOFTWARE SE,GERMANY,1996,,7372,10,Technology,IFRS,,,,,,5.63,8.6,8.67,15.83,15.82,15.29
D:MLP,MLPG.F,MLP SE,GERMANY,1970,1984,6282,30,Financials,IFRS,40.55,28.28,42.39,43.81,50.19,54.73,61.27,52.64,59.06,57.19,59.97
D:AEE1,AEE1.D,MORE IMPACT AG,GERMANY,,,6799,60,Energy,Local standards,,,,,,,,,,,
D:MUB,MUBG.F,MUEHLBAUER HOLDING AG,GERMANY,1998,,3559,10,Technology,Local standards,,,,,,,,,,,
D:MUX,MUXG.F,MUTARES SE & CO KGAA,GERMANY,,2019,3714,30,Financials,IFRS,,,,,,26.53,28.88,27.06,26.3,37.26,
D:NA9,NA9n.F,NAGARRO SE,GERMANY,,,7371,10,Technology,IFRS,,,,,,29.88,32.82,34.86,36.74,43.64,
D:NOEJ,NOEJ.F,NORMA GROUP SE,GERMANY,,,3452,50,Industrials,IFRS,,,,74.75,80.67,82.91,80.9,81.06,76.11,69.31,66.82
D:NB2,NB2.F,NORTHERN DATA AG,GERMANY,,,7373,10,Technology,IFRS,,,,,,,,,,,
D:NBG6,NLVGn.F,NUERNBERGER BETEILIGUNGS AG,GERMANY,1884,2002,6311,30,Financials,Local standards,,,,,,,,,,,
D:O4B,O4BG.F,OVB HOLDING AG,GERMANY,,,6282,30,Financials,IFRS,,,,,,,53.26,48.34,50.12,54.4,53.4
D:PAT,PATGn.F,PATRIZIA SE,GERMANY,,,6512,35,Real Estate,IFRS,,,,34.14,41.52,53.75,60.6,58.56,59.79,59.23,59.19
D:PHH2,PHHGn.F,PAUL HARTMANN AG,GERMANY,1818,1912,3841,20,Health Care,IFRS,,,,,,,,,,,
D:PFV,PV.F,PFEIFFER VACUUM TECHNOLOGY AG,GERMANY,1890,1956,3563,50,Industrials,IFRS,,,,17.49,35.32,44.62,53.82,56.08,52.44,58.56,
D:PFSE,PFSE.F,PFISTERER HOLDING SE,GERMANY,,2023,3357,50,Industrials,IFRS,,,,,,,,,,,
D:PNE3,PNEGn.F,PNE AG,GERMANY,,,3511,65,Utilities,IFRS,,,,,27.46,24.77,28.65,28.65,28.96,37.98,35.95
D:PCZ,PCZ.F,PROCREDIT HOLDING AG,GERMANY,,,6029,30,Financials,IFRS,,,,,50.58,27.16,66.77,69.48,68.58,60.55,58.98
D:PSM,PSMGn.F,PROSIEBENSAT 1 MEDIA SE,GERMANY,,,4833,40,Consumer Discretionary,IFRS,55.9,59.25,68.35,70.06,72.44,73.8,72.14,73.04,71.89,72.43,73.17
D:PSAN,PSAGn.F,PSI SOFTWARE SE,GERMANY,1969,1998,7372,10,Technology,IFRS,,,,,20.7,37.6,38.1,38.47,31.65,31.09,
D:TPE,TPEG.F,PVA TEPLA AG,GERMANY,,,3559,10,Technology,IFRS,,,,,,30.27,28.71,32.78,47.94,45.13,44.6
D:RDC,RDC.F,REDCARE PHARMACY NV,GERMANY,,,5912,45,Consumer Staples,IFRS,,,,23.32,32.58,40.74,46.18,50.33,51.46,68.26,65.03
D:RHK,RHKG.F,RHOEN KLINIKUM AG,GERMANY,1971,1988,8069,20,Health Care,IFRS,32.81,26.73,31.65,35.02,33.31,34.49,38.06,39.48,38.56,38.48,40.49
D:SFQ,SFQ.F,SAF-HOLLAND SE,GERMANY,,,3711,40,Consumer Discretionary,IFRS,,,,58.85,57.21,61.55,60.37,59.88,54.88,49.48,48.25
D:SRAG,SRAG.D,SAMARA ASSET GROUP PLC,GERMANY,,,6282,30,Financials,IFRS,,,,,,,,,,,
D:SLT,SLTG.H,SCHALTBAU HOLDING AG,GERMANY,1929,1999,3694,50,Industrials,IFRS,,,,,,25.94,26.71,23.42,20.56,19.02,
D:YSN,YSNG.F,SECUNET SECURITY NETWORKS AG,GERMANY,1996,,7372,10,Technology,IFRS,,,,,,38.28,45.89,49.43,51.03,48.25,
D:SPB,SPBH.F,SEDLMAYR GRUND UND IMMOBILIEN AG,GERMANY,,2018,6512,35,Real Estate,Local standards,,,,,,,,,,,
D:F3C,F3CG.F,SFC ENERGY AG,GERMANY,,,3674,60,Energy,IFRS,,,,,,,22.6,18.9,24.76,26.8,22.32
D:SGL,SGCG.F,SGL CARBON SE,GERMANY,1966,2009,3624,55,Basic Materials,IFRS,53.96,57.62,61.57,68.9,69.92,70.29,70.0,70.52,69.82,73.45,72.14
D:SIM0,SIM0.F,SIMONA AG,GERMANY,1857,,2821,50,Industrials,IFRS,,,,,,22.95,23.26,39.83,38.45,48.85,
D:XTP,XTPG.F,SINO AG,GERMANY,,,6211,30,Financials,Local standards,,,,,,,,,,,
D:S92,S92G.F,SMA SOLAR TECHNOLOGY AG,GERMANY,,,3674,60,Energy,IFRS,,,,66.35,63.21,64.09,70.02,73.36,71.74,64.86,
D:SB1,SB1G.F,SMARTBROKER HOLDING AG,GERMANY,,,7375,30,Financials,Local standards,,,,,,,,,,,
D:SHF,SHFG.F,SNP SCHNEIDER-NEUREITHER & PARTNER SE,GERMANY,1994,,7372,10,Technology,IFRS,,,,,,30.81,39.9,36.38,53.73,59.76,54.07
D:STM,STM1.F,STABILUS SE,GERMANY,,2010,3493,50,Industrials,IFRS,,,,40.37,45.76,56.34,56.8,58.55,61.05,59.03,59.55
D:ST5,ST5G.F,STEICO AG,GERMANY,,,2493,50,Industrials,Local standards,,,,,,24.37,23.39,29.57,12.94,12.95,
D:S9I,S9I.H,STEMMER IMAGING GMBH,GERMANY,,,8711,10,Technology,IFRS,,,,,,,,,,,
D:STG,STGG.F^D26,STINAG STUTTGART INVEST AG.,GERMANY,1872,,6512,30,Financials,Local standards,,,,,,,,,,,
D:SBS,SBSG.F,STRATEC SE,GERMANY,1979,1998,3845,20,Health Care,IFRS,,,,36.74,48.36,60.12,66.06,62.27,67.46,67.24,
D:SSH,SSHG.F,SUDWESTDEUTSCHE SALZWERKE AG,GERMANY,1971,,2099,55,Basic Materials,IFRS,,,,,,,,,,,
D:SMHN,SMHNn.F,SUSS MICROTEC SE,GERMANY,1949,1998,3559,10,Technology,IFRS,,,,,13.48,31.64,41.64,56.24,60.45,63.35,
D:TMV,TMV.F,TEAMVIEWER SE,GERMANY,,,7372,10,Technology,IFRS,,,,,49.24,70.43,68.84,66.74,74.16,77.07,76.4
D:TTR1,TTRGn.F,TECHNOTRANS SE,GERMANY,1970,,3559,50,Industrials,IFRS,,,,,,9.74,23.0,26.17,28.19,26.17,27.12
D:TC1,TC1n.H,TELE COLUMBUS AG,GERMANY,,,4813,15,Telecommunications,IFRS,,,,,,24.0,22.07,26.59,29.14,38.52,
D:NCH2,NCH2.F,THYSSENKRUPP NUCERA AG & CO KGAA,GERMANY,,2013,1623,60,Energy,IFRS,,,,,,,,,57.39,62.21,64.52
D:TIW,TIWn.F,,GERMANY,,,,40,Consumer Discretionary,,,,,,,,,,,,
D:TLG,TLGG.H,TLG IMMOBILIEN AG,GERMANY,,,6531,35,Real Estate,IFRS,,,,30.88,28.09,24.31,37.22,42.38,40.75,29.17,
D:TNIE,TNIE.F,TONIES SE,GERMANY,,2021,3651,40,Consumer Discretionary,IFRS,,,,,,,,,,,
D:UZU,UZU.F,UZIN UTZ SE,GERMANY,1911,,1752,50,Industrials,IFRS,,,,,,30.97,37.69,35.55,31.56,31.49,
D:VQT,VQTG.H,VA Q TEC AG,GERMANY,,,3086,50,Industrials,IFRS,,,,,,17.09,39.7,54.22,52.49,46.58,
D:VIH1,VIH1n.F,VIB VERMOEGEN AG,GERMANY,,,6512,35,Real Estate,IFRS,,,,,,,,,,,
D:V1NC,V1NC.F,VINCORION SE,GERMANY,,,3728,50,Industrials,IFRS,,,,,,,,,,,
D:VOS,VOSG.F,VOSSLOH AG,GERMANY,1872,1990,3312,50,Industrials,IFRS,,,47.97,51.58,48.43,52.68,50.0,47.96,50.62,56.13,57.9
D:WAC,WACGn.F,WACKER NEUSON SE,GERMANY,,,3531,50,Industrials,IFRS,,,,16.06,28.02,46.04,48.84,58.7,58.38,60.29,59.17
D:WSU,WSU.F,WASHTEC AG,GERMANY,1997,,3589,50,Industrials,IFRS,,,,18.47,22.63,34.51,53.1,55.05,55.9,54.65,54.6
D:WCMK,WCMk.H,WCM BETEILIGUNGS UND GRUNDBESITZ AG,GERMANY,1766,,6512,35,Real Estate,,,,,,,,,,,,
D:WEW,WEW.F,WESTWING GROUP SE,GERMANY,,2018,5712,40,Consumer Discretionary,IFRS,,,,,,32.95,35.17,52.28,58.05,62.13,63.72
D:WBAH,WBAHk.F,WILD BUNCH AG,GERMANY,1979,,7812,40,Consumer Discretionary,IFRS,,,,,,,,,,,
D:WUW,WUWGn.F,WUESTENROT & WUERTTEMBERGISCHE AKTIENGESELLSCHAFT,GERMANY,1999,1999,6311,30,Financials,IFRS,,,,14.79,31.12,34.17,29.96,31.5,32.69,48.51,48.75
D:TIMA,TIMAn.F,ZEAL NETWORK SE,GERMANY,,2014,7999,40,Consumer Discretionary,IFRS,,,,,,,,,,,
D:ZO1,ZO1G.H,ZOOPLUS SE,GERMANY,,1999,5999,40,Consumer Discretionary,,,,,50.4,49.46,49.9,45.64,,,,
D:3SQ1X,3SQ1.DE,AHT SYNGAS TECHNOLOGY NV,GERMANY,,,1623,30,Financials,Local standards,,,,,,,,,,,
D:AV2X,AV2n.DE,AVEMIO AG,GERMANY,,,3663,50,Industrials,Local standards,,,,,,,,,,,
D:BIG1X,BIG1k.DE,BIO-GATE AG,GERMANY,,,5122,20,Health Care,Local standards,,,,,,,,,,,
D:CGXX,CGX.DE,CGRE AG,GERMANY,,,6799,30,Financials,Local standards,,,,,,,,,,,
D:DOUX,DOUn.DE,DOUGLAS AG,GERMANY,,2024,5999,40,Consumer Discretionary,IFRS,,,,,,,,,,,
D:1INNX,1INN.DE,INNOSCRIPTA SE,GERMANY,,2012,7372,10,Technology,Local standards,,,,,,,,,,,
D:LRNDX,LRND.DE,LEARND SE,GERMANY,,2021,6726,30,Financials,IFRS,,,,,,,,,,,
W:LGRF,LOGISTb.TE,LOGISTRI FASTIGHETS AB (PUBL),GERMANY,,,4225,35,Real Estate,IFRS,,,,,,,,,,,
D:AMIX,AMI1.DE,MEDONDO HOLDING AG,GERMANY,2003,2003,7372,50,Industrials,Local standards,,,,,,,,,,,
D:TPG0X,TPG0n.DE,PLATFORM GROUP SE & CO KGAA,GERMANY,,,7375,40,Consumer Discretionary,IFRS,,,,,,,,,,,
D:M3B0X,M3B0k.DE,PYRAMID AG,GERMANY,,,7372,10,Technology,Local standards,,,,,,,,,,,
D:EXJ0X,EXJ0k.DE,READCREST CAPITAL AG,GERMANY,1993,,7389,40,Consumer Discretionary,Local standards,,,,,,,,,,,
D:CY1KX,CY1k.DE,SBF AG,GERMANY,,2016,3648,50,Industrials,Local standards,,,,,,,,,,,
D:PGHX,PGHn.DE,PAYMENTS GROUP HOLDING GMBH & CO KGAA,GERMANY,,,6282,30,Financials,IFRS,,,,,,,,,,,
D:U4SC,U4SCg.MU^D22,,GERMANY,,,,30,Financials,,,,,,,,,,,,
D:VMEX,VMEn.DE,VIROMED MEDICAL AG,GERMANY,,2021,5122,30,Financials,Local standards,,,,,,,,,,,
D:Z29X,Z29.DE,029 GROUP SE,GERMANY,,,6799,10,Technology,Local standards,,,,,,,,,,,
D:1U1X,1U1.DE,1&1 AG,GERMANY,1997,2004,4812,15,Telecommunications,IFRS,,,24.96,41.4,34.49,42.88,60.59,69.58,71.34,67.75,67.08
D:TGT,TGTG.F,11 88 0 SOLUTIONS AG,GERMANY,1996,2018,7389,50,Industrials,IFRS,,,,,,20.43,16.09,13.67,11.54,11.21,
D:TGTX,TGTG.DE,11 88 0 SOLUTIONS AG,GERMANY,1996,2018,7389,50,Industrials,IFRS,,,,,,20.43,16.09,13.67,11.54,11.21,
D:123F,123F.F,123FAHRSCHULE SE,GERMANY,,2019,7372,40,Consumer Discretionary,Local standards,,,,,,,,,,,
D:123FX,123F.DE,123FAHRSCHULE SE,GERMANY,,2019,7372,40,Consumer Discretionary,Local standards,,,,,,,,,,,
D:2GBX,2GBG.DE,2G ENERGY AG,GERMANY,,,3621,60,Energy,Local standards,,,,,,30.36,30.19,29.97,24.43,25.27,
D:2INV,2INVn.F,2INVEST AG,GERMANY,1997,,6799,20,Health Care,Local standards,,,,,,,,,,,
D:UUU,UUUG.F,3U HOLDING AG,GERMANY,1997,,1711,50,Industrials,IFRS,,,,,,,,,,,
D:UUUX,UUUG.DE,3U HOLDING AG,GERMANY,1997,,1711,50,Industrials,IFRS,,,,,,,,,,,
D:HRPK,HRPKk.F,7C SOLARPARKEN AG,GERMANY,,,4911,65,Utilities,IFRS,,,,,,,,,,,
D:HRPKX,HRPKk.DE,7C SOLARPARKEN AG,GERMANY,,,4911,65,Utilities,IFRS,,,,,,,,,,,
D:LUM,LUMG.F,AIS AG,GERMANY,1973,,4953,65,Utilities,,,,,,,,,,,,
D:ACWNX,ACWNn.DE,AS CREATION TAPETEN AG,GERMANY,1998,,2672,40,Consumer Discretionary,IFRS,,,,,,26.46,50.76,44.01,42.72,45.27,
D:ACWN,ACWNn.F,AS CREATION TAPETEN AG,GERMANY,1998,,2672,40,Consumer Discretionary,IFRS,,,,,,26.46,50.76,44.01,42.72,45.27,
D:AAQ1,AAQ1k.F,AAP IMPLANTATE AG,GERMANY,1990,,3842,20,Health Care,IFRS,,,,,,,,,,,
D:AAQ1X,AAQ1k.DE,AAP IMPLANTATE AG,GERMANY,1990,,3842,20,Health Care,IFRS,,,,,,,,,,,
D:AB9,AB9.F,ABO ENERGY GMBH & CO KGAA,GERMANY,,,3511,60,Energy,Local standards,,,,,,14.69,14.89,14.57,15.31,21.6,
D:AB9X,AB9.DE,ABO ENERGY GMBH & CO KGAA,GERMANY,,,3511,60,Energy,Local standards,,,,,,14.69,14.89,14.57,15.31,21.6,
D:XX10,XX10k.H,ABO KRAFT & WAERME AG,GERMANY,,2014,4911,60,Energy,Local standards,,,,,,,,,,,
D:A4Y0,A4Y0k.F,ACCENTRO REAL ESTATE AG,GERMANY,,,6531,35,Real Estate,,,,,,,,,,,,
D:CFC,CFCG.F,ACONNIC AG,GERMANY,,,3663,30,Financials,Local standards,,,,,,,,,,,
D:CFCX,CFCG.DE,ACONNIC AG,GERMANY,,,3663,30,Financials,Local standards,,,,,,,,,,,
D:AQP1,AQP1.D,ACTION PRESS AG,GERMANY,,2019,7313,10,Technology,Local standards,,,,,,,,,,,
D:NXI,NXIG.H,ACTIVA RESOURCES AG,GERMANY,,,1311,35,Real Estate,,,,,,,,,,,,
D:APMX,APME.DE,AD PEPPER MEDIA INTERNATIONAL NV,GERMANY,1999,,7311,40,Consumer Discretionary,IFRS,,,,,,,,,,,
D:APM,APME.F,AD PEPPER MEDIA INTERNATIONAL NV,GERMANY,1999,,7311,40,Consumer Discretionary,IFRS,,,,,,,,,,,
D:ADC,ADCG.F,ADCAPITAL AG,GERMANY,1979,,6799,30,Financials,Local standards,,,,,,7.04,6.41,7.39,6.86,7.65,
D:ADN1X,ADNGk.DE,ADESSO SE,GERMANY,2000,,7373,10,Technology,IFRS,,,,,18.33,18.46,59.02,52.85,62.53,54.13,
D:ADSX,ADSGn.DE,ADIDAS AG,GERMANY,1920,1949,3149,40,Consumer Discretionary,IFRS,93.5,88.42,84.51,85.26,89.32,87.96,89.49,88.52,89.68,83.25,83.31
D:ADJ,ADJ.F,ADLER GROUP SA,GERMANY,,2015,6513,35,Real Estate,IFRS,,,,13.15,12.96,47.9,53.51,49.01,47.19,41.86,
D:ADJX,ADJ.DE,ADLER GROUP SA,GERMANY,,2015,6513,35,Real Estate,IFRS,,,,13.15,12.96,47.9,53.51,49.01,47.19,41.86,
D:OEL,OELG.F,ADM HAMBURG AG,GERMANY,1910,,2074,45,Consumer Staples,Local standards,,,,,,,,,,,
D:ADVX,ADVG.DE,ADTRAN NETWORKS SE,GERMANY,1994,2012,3661,15,Telecommunications,IFRS,,,,73.74,70.54,70.52,74.59,68.88,65.21,61.97,
D:ABT,ABT1.D,ADVANCED BITCOIN TECHNOLOGIES AG,GERMANY,,,7371,10,Technology,Local standards,,,,,,,,,,,
D:ABX,ABXG.F,ADVANCED BLOCKCHAIN AG,GERMANY,,,7371,30,Financials,,,,,,,,,,,,
D:ABXX,ABXG.DE,ADVANCED BLOCKCHAIN AG,GERMANY,,,7371,30,Financials,,,,,,,,,,,,
D:ICP,ICPG.F,PANAMAX NEW ENERGY AG,GERMANY,1987,,6799,15,Telecommunications,Local standards,,,,,,,,,,,
D:AGR,AGRG.F,AGROB IMMOBILIEN AG,GERMANY,1867,,6512,35,Real Estate,Local standards,,,,,,,,,,,
D:AAH,AAHG.F,AHLERS AG,GERMANY,1919,,2252,40,Consumer Discretionary,,,,,,,34.08,,33.23,,,
D:3SQ1,3SQ1.F,AHT SYNGAS TECHNOLOGY NV,GERMANY,,,1623,30,Financials,Local standards,,,,,,,,,,,
D:EBEN,EBEn.H,AIFINYO AG,GERMANY,,,6159,30,Financials,,,,,,,,,,,,
D:AIXAX,AIXGn.DE,AIXTRON SE,GERMANY,,,3559,10,Technology,IFRS,34.91,46.54,56.4,56.08,61.99,76.29,73.76,75.93,77.23,70.89,69.22
D:ABK,ABKG.MU,AKTIEN-BRAUEREI KAUFBEUREN AG,GERMANY,,,2082,45,Consumer Staples,Local standards,,,,,,,,,,,
D:ABA,ABAG.H,ALBA SE,GERMANY,1991,,4953,20,Health Care,,,,,,,,,,,,
D:ALG,MTVG.F,ALBIS LEASING AG,GERMANY,1976,,6159,50,Industrials,IFRS,,,,,,,,,,,
D:ALGX,MTVG.DE,ALBIS LEASING AG,GERMANY,1976,,6159,50,Industrials,IFRS,,,,,,,,,,,
D:EBGK,EBGKk.H,ALEIA HOLDING AG,GERMANY,,,1623,50,Industrials,Local standards,,,,,,,,,,,
D:ALXA,ALXA.F,ALEXANDERWERK AG,GERMANY,1885,,3585,50,Industrials,IFRS,,,,,,,,,,,
D:AV4,AV4.D,,GERMANY,,,,30,Financials,,,,,,,,,,,,
D:A1OS,A1OS.F,ALL FOR ONE GROUP SE,GERMANY,,,7374,10,Technology,IFRS,,,,,22.95,41.42,47.86,47.42,41.9,43.63,48.56
D:A1OSX,A1OS.DE,ALL FOR ONE GROUP SE,GERMANY,,,7374,10,Technology,IFRS,,,,,22.95,41.42,47.86,47.42,41.9,43.63,48.56
D:ATW,ATWG.SG,ALLERTHAL WERKE AG,GERMANY,1899,,6799,30,Financials,Local standards,,,,,,,,,,,
D:ALB,ALBG.MU,ALLGAEUER BRAUHAUS AG,GERMANY,,,2082,45,Consumer Staples,Local standards,,,,,,,,,,,
D:AEINX,AEIGn.DE,ALLGEIER SE,GERMANY,,,7373,10,Technology,IFRS,,,,,,28.92,29.53,34.69,39.11,42.23,
D:AEIN,AEIGn.F,ALLGEIER SE,GERMANY,,,7373,10,Technology,IFRS,,,,,,28.92,29.53,34.69,39.11,42.23,
D:ALVX,ALVG.DE,ALLIANZ SE,GERMANY,1890,2007,6311,30,Financials,IFRS,88.46,86.65,86.17,94.8,93.78,93.47,91.29,88.88,87.66,86.68,86.8
@AFRMF,AFRMF.PK,ALPHAFORM AG,GERMANY,1995,1996,3089,10,Technology,,,,,,,,,,,,
D:AMA0,AMA0k.F,ALTECH ADVANCED MATERIALS AG,GERMANY,2000,2011,2631,55,Basic Materials,Local standards,,,,,,,,,,,
D:ACTX,ACT1.DE,ALZCHEM GROUP AG,GERMANY,,,2819,55,Basic Materials,IFRS,,,,,,20.98,23.08,47.39,46.43,44.56,44.98
D:AAD,AMDG.F,AMADEUS FIRE AG,GERMANY,1990,,7361,50,Industrials,IFRS,,,,27.93,33.21,38.26,31.76,36.83,44.94,47.59,45.22
D:AADX,AMDG.DE,AMADEUS FIRE AG,GERMANY,1990,,7361,50,Industrials,IFRS,,,,27.93,33.21,38.26,31.76,36.83,44.94,47.59,45.22
D:APQ,APQG.D,AQUAMONDI AG,GERMANY,,,6799,30,Financials,Local standards,,,,,,,,,,,
D:L1A,L1A.H,ARBITRAGE INVESTMENT AG,GERMANY,,,6799,30,Financials,Local standards,,,,,,,,,,,
D:ARO,AROG.D,ARCANDOR AG,GERMANY,1881,,5961,20,Health Care,,,,,,,,,,,,
D:7AS1,7AS1g.F,,GERMANY,,,,30,Financials,,,,,,,,,,,,
W:ARI1,ARENITsdb.ST,,GERMANY,,,,50,Industrials,,,,,,,,,,,,
D:ARI,ARIG.F,ARI MOTORS INDUSTRIES SE,GERMANY,,2023,6282,40,Consumer Discretionary,Local standards,,,,,,,,,,,
D:ARN,ARNG.D,ARN GEORG AG,GERMANY,,,6512,35,Real Estate,,,,,,,,,,,,
D:A6T,A6TG.F,ARTEC TECHNOLOGIES AG,GERMANY,,,7373,50,Industrials,Local standards,,,,,,,,,,,
D:A6TX,A6TG.DE,ARTEC TECHNOLOGIES AG,GERMANY,,,7373,50,Industrials,Local standards,,,,,,,,,,,
D:TLIK,TLIK.F,ARZNEIWERK VIDA AG,GERMANY,,,4812,15,Telecommunications,Local standards,,,,,,,,,,,
D:VG80,VG80n.F,ASCORY BANK AG,GERMANY,,,6029,30,Financials,Local standards,,,,,,,,,,,
D:VG80X,VG80n.DE,ASCORY BANK AG,GERMANY,,,6029,30,Financials,Local standards,,,,,,,,,,,
D:AOFX,AOFG.DE,ATOSS SOFTWARE SE,GERMANY,1987,,7372,10,Technology,IFRS,,,,,,,,,35.59,34.05,35.01
D:3ITN,3ITn.F,AUDIUS SE,GERMANY,,,7373,10,Technology,OTHER,,,,,,,,,,,
D:3ITNX,3ITn.DE,AUDIUS SE,GERMANY,,,7373,10,Technology,OTHER,,,,,,,,,,,
D:AAG,AAGG.F,AUMANN AG,GERMANY,,,3559,50,Industrials,IFRS,,,,16.49,16.85,19.21,18.42,27.22,26.65,24.74,
D:AAGX,AAGG.DE,AUMANN AG,GERMANY,,,3559,50,Industrials,IFRS,,,,16.49,16.85,19.21,18.42,27.22,26.65,24.74,
D:AMV0X,AMV0n.DE,AUMOVIO SE,GERMANY,,2024,3714,40,Consumer Discretionary,IFRS,,,,,,,,,,,
D:NDAX,NAFG.DE,AURUBIS AG,GERMANY,1866,1908,3351,55,Basic Materials,IFRS,61.22,66.2,68.29,72.33,77.82,77.66,79.68,80.58,77.07,78.51,80.35
D:C900,C900n.D,AUTO.DE AG,GERMANY,,2019,7375,10,Technology,,,,,,,,,,,,
D:AG1X,AG1G.DE,AUTO1 GROUP SE,GERMANY,,2018,7375,40,Consumer Discretionary,IFRS,,,,,,12.96,39.31,37.95,48.72,50.67,49.3
D:AV2,AV2n.F,AVEMIO AG,GERMANY,,,3663,50,Industrials,Local standards,,,,,,,,,,,
D:9D6,9D6.D,AXENDIS CAPITAL SE,GERMANY,,2020,6282,30,Financials,,,,,,,,,,,,
D:MK30,MK30.D,AXENIO AG,GERMANY,,,8742,35,Real Estate,,,,,,,,,,,,
D:BMP,BMPG.SG,B.M.P. PHARMA TRADING AG,GERMANY,,,2834,20,Health Care,Local standards,,,,,,,,,,,
D:DTD2,DTDGk.F,B+S BANKSYSTEME AG,GERMANY,,,7372,10,Technology,IFRS,,,,,,,,,,,
D:DTD2X,DTDGk.DE,B+S BANKSYSTEME AG,GERMANY,,,7372,10,Technology,IFRS,,,,,,,,,,,
D:BAM0,BAM0.D,,GERMANY,,,,35,Real Estate,,,,,,,,,,,,
D:BWBX,BLMG.DE,BAADER BANK AG,GERMANY,,,6211,30,Financials,Local standards,,,,,,,,,,,
D:AO9,AO9G.MU,,GERMANY,,,,30,Financials,,,,,,,,,,,,
D:BASX,BASFn.DE,BASF SE,GERMANY,1865,1952,2821,55,Basic Materials,IFRS,87.9,83.78,84.29,90.37,90.32,92.06,90.57,89.85,88.97,87.34,87.6
D:BSLX,BSLG.DE,BASLER AG,GERMANY,1988,,3669,50,Industrials,IFRS,,,,28.3,19.79,31.01,23.92,44.88,34.59,33.65,
D:BST,BST1.F,BASTEI LUEBBE AG,GERMANY,,2013,7375,40,Consumer Discretionary,IFRS,,,,,,,,,,,
D:BSTX,BST1.DE,BASTEI LUEBBE AG,GERMANY,,2013,7375,40,Consumer Discretionary,IFRS,,,,,,,,,,,
D:TINC,TINCk.H,BAUMOT GROUP AG,GERMANY,,,3714,65,Utilities,,,,,,,,,,,,
D:B9V,B9VG.H,,GERMANY,,,,30,Financials,,,,,,,,,,,,
D:BAYNX,BAYGn.DE,BAYER AG,GERMANY,1863,1951,2834,20,Health Care,IFRS,74.95,82.92,88.96,89.61,89.81,91.73,92.72,92.69,91.78,89.87,88.66
D:BYW6X,BYWGnx.DE,BAYWA AG,GERMANY,1923,1996,5153,50,Industrials,IFRS,,,,47.6,48.44,61.01,64.83,67.09,75.56,67.12,
D:BC8X,BC8G.DE,BECHTLE AG,GERMANY,1983,2004,7371,10,Technology,IFRS,,,30.2,37.9,55.38,52.87,62.03,73.06,66.6,62.55,65.17
D:BFSAX,BFSA.DE,BEFESA SA,GERMANY,,2013,4212,65,Utilities,IFRS,,,,51.57,70.79,68.18,76.63,75.49,72.79,72.46,
D:BEIX,BEIG.DE,BEIERSDORF AG,GERMANY,1882,1882,2844,45,Consumer Staples,IFRS,54.05,59.21,60.6,64.56,67.41,69.93,65.96,65.0,66.05,65.56,66.19
D:BENH,BEN1.MU,BENO HOLDING AG,GERMANY,,,6519,35,Real Estate,IFRS,,,,,,,,,,,
D:BENHX,BEN1.DE,BENO HOLDING AG,GERMANY,,,6519,35,Real Estate,IFRS,,,,,,,,,,,
D:BEZ,BEZ.F,BERENTZEN-GRUPPE AG,GERMANY,1758,,2085,45,Consumer Staples,IFRS,,,,,,45.39,57.48,58.78,58.38,56.61,
D:BEZX,BEZ.DE,BERENTZEN-GRUPPE AG,GERMANY,1758,,2085,45,Consumer Staples,IFRS,,,,,,45.39,57.48,58.78,58.38,56.61,
D:BDT,BDTG.F,BERTRANDT AG,GERMANY,,,8711,50,Industrials,IFRS,,,,42.67,33.33,7.13,43.24,49.06,51.29,57.56,58.99
D:BDTX,BDTG.DE,BERTRANDT AG,GERMANY,,,8711,50,Industrials,IFRS,,,,42.67,33.33,7.13,43.24,49.06,51.29,57.56,58.99
D:ACX,ARTG.F,BET AT HOME COM AG,GERMANY,,,7999,40,Consumer Discretionary,IFRS,,,,11.35,13.06,17.86,18.86,20.21,16.62,17.56,
D:ACXX,ARTG.DE,BET AT HOME COM AG,GERMANY,,,7999,40,Consumer Discretionary,IFRS,,,,11.35,13.06,17.86,18.86,20.21,16.62,17.56,
D:BI7,BI7G.MU,BETEILIGUNGEN IM BALTIKUM AG,GERMANY,,,6799,30,Financials,,,,,,,,,,,,
D:SPT6,SPT6.F,BETA SYSTEMS SOFTWARE AG,GERMANY,,,7371,30,Financials,Local standards,,,,,,,,,,,
D:B9B,B9BG.F,,GERMANY,,,,45,Consumer Staples,,,,,,,,,,,,
D:B1GR,B1GR.F,BIGREP SE,GERMANY,,2023,6726,30,Financials,IFRS,,,,,,,,,,,
D:BIJX,BIJG.DE,BIJOU BRIGITTE MODISCHE ACCESSOIRES AKTIENGESELLSCHAFT,GERMANY,1963,,5944,40,Consumer Discretionary,IFRS,,,,,,6.98,5.84,8.86,19.74,15.81,
D:BIKE,BIKE.F,BIKE24 HOLDING AG,GERMANY,,2021,5941,40,Consumer Discretionary,IFRS,,,,,,,,,,,
D:BIKEX,BIKE.DE,BIKE24 HOLDING AG,GERMANY,,2021,5941,40,Consumer Discretionary,IFRS,,,,,,,,,,,
D:GBFX,GBFG.DE,BILFINGER SE,GERMANY,1880,2010,1541,50,Industrials,IFRS,69.86,63.57,72.61,71.23,67.97,68.56,55.8,65.51,66.55,70.13,71.82
D:MA10,MA10.F,BINECT AG,GERMANY,,,7372,30,Financials,IFRS,,,,,,,,,,,
D:MA10X,MA10.DE,BINECT AG,GERMANY,,,7372,30,Financials,IFRS,,,,,,,,,,,
D:BIG1,BIG1k.F,BIO-GATE AG,GERMANY,,,5122,20,Health Care,Local standards,,,,,,,,,,,
D:B8FK,B8FKn.F,BIOFRONTERA AG,GERMANY,,,2834,20,Health Care,IFRS,,,,,,,,,,,
D:B8FKX,B8FKn.DE,BIOFRONTERA AG,GERMANY,,,2834,20,Health Care,IFRS,,,,,,,,,,,
D:T5O,T5Ok.F,BIOXXMED AG,GERMANY,,,8731,60,Energy,Local standards,,,,,,,,,,,
D:MON,MONG.SG,BLOXOLID AG,GERMANY,1991,1999,6719,50,Industrials,,,,,,,,,,,,
D:B7E,B7EG.F,BLUE CAP AG,GERMANY,,,6799,30,Financials,IFRS,,,,,,26.96,32.33,41.07,36.94,36.79,
D:B7EX,B7EG.DE,BLUE CAP AG,GERMANY,,,6799,30,Financials,IFRS,,,,,,26.96,32.33,41.07,36.94,36.79,
D:BMWX,BMWG.DE,BAYERISCHE MOTOREN WERKE AKTIENGESELLSCHAFT,GERMANY,1916,1916,3711,40,Consumer Discretionary,IFRS,85.84,87.1,83.53,83.27,87.6,86.56,90.18,92.77,89.69,87.7,88.99
D:BVBX,BVB.DE,BORUSSIA DORTMUND GMBH & CO. KGAA,GERMANY,1909,,7941,40,Consumer Discretionary,IFRS,,,,,47.85,49.9,46.68,51.56,58.71,65.61,64.15
D:BOSSX,BOSSn.DE,HUGO BOSS AG,GERMANY,1923,1948,2329,40,Consumer Discretionary,IFRS,74.31,74.75,86.42,84.14,85.21,86.91,86.27,87.54,86.38,84.09,
D:BNN,BNNn.F,BRAIN BIOTECH AG,GERMANY,,,8731,55,Basic Materials,IFRS,,,,,,,,,,,
D:BNNX,BNNn.DE,BRAIN BIOTECH AG,GERMANY,,,8731,55,Basic Materials,IFRS,,,,,,,,,,,
D:BRNK,BRNKn.F,BRANICKS GROUP AG,GERMANY,,,6512,35,Real Estate,IFRS,,,,53.84,51.42,55.81,55.88,62.73,60.83,63.17,
D:BRNKX,BRNKn.DE,BRANICKS GROUP AG,GERMANY,,,6512,35,Real Estate,IFRS,,,,53.84,51.42,55.81,55.88,62.73,60.83,63.17,
D:BLH,BLHG.F,BREMER LAGERHAUS-GESELLSCHAFT AG VON 1877,GERMANY,1877,,8742,50,Industrials,IFRS,,,,,,41.07,48.41,47.0,55.12,56.55,
D:BNRX,BNRGn.DE,BRENNTAG SE,GERMANY,,2017,5169,55,Basic Materials,IFRS,42.06,57.04,56.9,61.59,59.51,62.68,59.37,64.3,67.98,67.73,66.69
D:BAG,BRLG.H,BRILLIANT AG,GERMANY,1951,,3645,60,Energy,Local standards,,,,,,,,,,,
D:BKHTX,BKHTn.DE,BROCKHAUS TECHNOLOGIES AG,GERMANY,,,6799,30,Financials,IFRS,,,,,,,,,,,
D:BKHT,BKHTn.F,BROCKHAUS TECHNOLOGIES AG,GERMANY,,,6799,30,Financials,IFRS,,,,,,,,,,,
D:BMM,BMMG.F,BRUEDER MANNESMANN AG,GERMANY,1931,,5072,50,Industrials,Local standards,,,,,,,,,,,
D:BBR,BBRG.SG,BUERGERLICHES BRAUHAUS RAVENSBURG LINDAU AKTIENGESELLSCHAFT,GERMANY,1903,,6513,45,Consumer Staples,,,,,,,,,,,,
D:28G,CISg.D,,GERMANY,,,,40,Consumer Discretionary,,,,,,,,,,,,
D:OJ2,OJ2.D,CALVERT INTERNATIONAL AG,GERMANY,,2019,8742,50,Industrials,IFRS,,,,,,,,,,,
D:RTML,RTML.F,CAMERIT AG,GERMANY,,,6282,30,Financials,Local standards,,,,,,,,,,,
D:COKX,COKG.DE,CANCOM SE,GERMANY,1992,2013,7373,10,Technology,IFRS,,,,42.33,49.79,48.05,59.19,54.37,59.23,61.09,55.55
D:9DD,9DD.D,,GERMANY,,,,30,Financials,,,,,,,,,,,,
D:27N0,27N0k.F,CANNOVUM CANNABIS AG,GERMANY,,2020,5122,20,Health Care,Local standards,,,,,,,,,,,
D:27N0X,27N0k.DE,CANNOVUM CANNABIS AG,GERMANY,,2020,5122,20,Health Care,Local standards,,,,,,,,,,,
D:HIGH,HIGHG.F,CANTOURAGE GROUP SE,GERMANY,,2022,2833,20,Health Care,Local standards,,,,,,,,,,,
D:HIGHX,HIGHG.DE,CANTOURAGE GROUP SE,GERMANY,,2022,2833,20,Health Care,Local standards,,,,,,,,,,,
D:CPX,CPXG.F,CAPSENSIXX AG,GERMANY,,,6282,30,Financials,IFRS,,,,,,,,,,,
D:AFXX,AFXG.DE,CARL ZEISS MEDITEC AG,GERMANY,1977,1995,3845,20,Health Care,IFRS,,,54.71,61.13,64.64,69.45,66.1,67.65,64.96,63.58,61.34
D:CV3,CV3.MU,CARPEVIGO HOLDING AG,GERMANY,,,4911,65,Utilities,,,,,,,,,,,,
D:MF8,MFCG.H,CASH MEDIEN AG,GERMANY,1999,,7375,40,Consumer Discretionary,IFRS,,,,,,,,,,,
D:C0M,C0M.F,CCS ABWICKLUNGS AG,GERMANY,,2002,3621,60,Energy,,,,,,,,,,,,
D:D2BA,D2BAk.H,CD DEUTSCHE EIGENHEIM AG,GERMANY,1988,1989,1531,40,Consumer Discretionary,,,,,,,,,,,,
D:CECX,CECG.DE,CECONOMY AG,GERMANY,1996,1996,5722,40,Consumer Discretionary,IFRS,73.28,74.82,75.74,64.17,62.7,74.69,78.5,76.2,76.28,68.28,69.61
D:CSH,CSHG.F,CENIT SYSTEMHAUS AG,GERMANY,1998,,7372,10,Technology,IFRS,,,,,,18.63,42.13,35.33,41.56,41.51,
D:CSHX,CSHG.DE,CENIT SYSTEMHAUS AG,GERMANY,1998,,7372,10,Technology,IFRS,,,,,,18.63,42.13,35.33,41.56,41.51,
D:CEK,CEKG.F,CEOTRONICS AUDIO VIDEO DATA COMMUNICATION AG,GERMANY,1985,1985,3661,15,Telecommunications,IFRS,,,,,,,,,,,
D:CEKX,CEKG.DE,CEOTRONICS AUDIO VIDEO DATA COMMUNICATION AG,GERMANY,1985,1985,3661,15,Telecommunications,IFRS,,,,,,,,,,,
D:37G,37Gn.D,CERITECH AG,GERMANY,,2014,1041,55,Basic Materials,Local standards,,,,,,,,,,,
D:CWCX,CWCG.DE,CEWE STIFTUNG AND CO KGAA,GERMANY,1961,2013,3861,40,Consumer Discretionary,IFRS,,,,51.37,48.7,55.24,59.47,66.96,64.07,64.23,
D:CGX,CGX.F,CGRE AG,GERMANY,,,6799,30,Financials,Local standards,,,,,,,,,,,
D:24I,24I.D,CHAINLEDGER SYSTEMS AG,GERMANY,,2016,7372,30,Financials,Local standards,,,,,,,,,,,
D:CHGX,CHG1.DE,CHAPTERS GROUP AG,GERMANY,,,8741,10,Technology,Local standards,,,,,,,,,,,
D:C3RY,C3RY.F,CHERRY SE,GERMANY,,2019,3577,10,Technology,IFRS,,,,,,,,,,,
D:C3RYX,C3RY.DE,CHERRY SE,GERMANY,,2019,3577,10,Technology,IFRS,,,,,,,,,,,
D:CA1,CA1.F,CIRCUS SE,GERMANY,,2020,3556,40,Consumer Discretionary,Local standards,,,,,,,,,,,
D:CA1X,CA1.DE,CIRCUS SE,GERMANY,,2020,3556,40,Consumer Discretionary,Local standards,,,,,,,,,,,
D:ABO,ABOG.F,CLEARVISE AG,GERMANY,,,4911,60,Energy,IFRS,,,,,,,,,,,
D:ABOX,ABOG.DE,CLEARVISE AG,GERMANY,,,4911,60,Energy,IFRS,,,,,,,,,,,
D:CAG0,CAG0n.H,CLERE AG,GERMANY,1999,2016,4911,30,Financials,IFRS,,,,,,,,,,,
D:CLIQ,CLIQn.F,CLIQ DIGITAL AG,GERMANY,,,7375,40,Consumer Discretionary,IFRS,,,,,,,,,,,
D:CLIQX,CLIQn.DE,CLIQ DIGITAL AG,GERMANY,,,7375,40,Consumer Discretionary,IFRS,,,,,,,,,,,
D:CNW,CNWk.F,CODON AG,GERMANY,,,2836,20,Health Care,,,,,,,,,,,,
D:8HC,8HC.D,COGIA AG,GERMANY,,2020,7371,50,Industrials,,,,,,,,,,,,
D:XCX,XCXG.D,COINIX GMBH & CO KGAA,GERMANY,,,6799,30,Financials,Local standards,,,,,,,,,,,
D:CBKX,CBKG.DE,COMMERZBANK AKTIENGESELLSCHAFT,GERMANY,1870,1870,6029,30,Financials,IFRS,62.79,69.59,78.53,73.69,76.1,80.98,78.93,77.41,75.81,65.09,64.02
D:5KN,5KN.D,,GERMANY,,,,30,Financials,,,,,,,,,,,,
D:5GG,5GG.D,CONSULTING TEAM HOLDING AG,GERMANY,,2014,6799,30,Financials,Local standards,,,,,,,,,,,
D:CONX,CONG.DE,CONTINENTAL AG,GERMANY,1871,1871,3011,40,Consumer Discretionary,IFRS,80.69,84.48,83.7,78.84,81.5,77.91,74.89,79.54,74.43,68.11,68.52
D:CUU,CUUG.D,CONVALUE SE,GERMANY,,2019,6282,30,Financials,Local standards,,,,,,,,,,,
D:COR,CORk.F,COREO AG,GERMANY,,,6512,50,Industrials,IFRS,,,,,,,,,,,
D:CCAPX,CCAG.DE,CORESTATE CAPITAL HOLDING SA,GERMANY,,2015,6531,35,Real Estate,IFRS,,,,21.26,19.56,29.22,35.03,32.21,29.08,30.2,
D:CCAP,CCAG.F,CORESTATE CAPITAL HOLDING SA,GERMANY,,2015,6531,35,Real Estate,IFRS,,,,21.26,19.56,29.22,35.03,32.21,29.08,30.2,
D:CPU2,CPUGk.F^A26,CPU SOFTWAREHOUSE AG,GERMANY,,,7371,30,Financials,Local standards,,,,,,,,,,,
D:CRZK,CRZK.F,CR ENERGY AG,GERMANY,,,6282,35,Real Estate,,,,,,,,,,,,
D:CSQ0,CSQ0.F,CREDITSHELF AG,GERMANY,,,6159,30,Financials,,,,,,,,,,,,
D:EVDX,EVDG.DE,CTS EVENTIM AG,GERMANY,,,7941,40,Consumer Discretionary,IFRS,,,25.23,26.35,27.37,31.64,30.51,25.86,23.42,30.9,29.26
D:CURK,CURk.D,CURASAN AG,GERMANY,1988,,2836,40,Consumer Discretionary,,,,,,,,,,,,
D:CYR,CYR.F,CYAN AG,GERMANY,,,7372,10,Technology,IFRS,,,,,,,,,,,
D:CYRX,CYR.DE,CYAN AG,GERMANY,,,7372,10,Technology,IFRS,,,,,,,,,,,
D:DTGX,DTGGe.DE,DAIMLER TRUCK HOLDING AG,GERMANY,,2021,3711,50,Industrials,IFRS,,,,,,,83.54,85.12,83.33,82.98,85.65
D:4DS,4DSG.F,DALDRUP & SOHNE AG,GERMANY,,,1381,60,Energy,Local standards,,,,,,,,,,,
D:4DSX,4DSG.DE,DALDRUP & SOHNE AG,GERMANY,,,1381,60,Energy,Local standards,,,,,,,,,,,
D:7V0,7V0.MU,DARWIN AG,GERMANY,,2021,8731,20,Health Care,Local standards,,,,,,,,,,,
D:7V0X,7V0.DE,DARWIN AG,GERMANY,,2021,8731,20,Health Care,Local standards,,,,,,,,,,,
D:DAMX,DAMG.DE,DATA MODUL PRODUKTION UND VERTRIEB VON ELEKTRONISCHEN SYSTEMEN AG,GERMANY,1972,,3577,10,Technology,IFRS,,,,,,14.4,13.52,13.45,13.07,24.56,25.11
D:DAM,DAMG.F,DATA MODUL PRODUKTION UND VERTRIEB VON ELEKTRONISCHEN SYSTEMEN AG,GERMANY,1972,,3577,10,Technology,IFRS,,,,,,14.4,13.52,13.45,13.07,24.56,25.11
D:D6HX,D6HG.DE,DATAGROUP SE,GERMANY,,,7373,10,Technology,IFRS,,,,,,20.46,17.72,28.33,28.86,30.48,29.69
D:DAR,DARG.F,DATRON AG,GERMANY,,,3541,50,Industrials,Local standards,,,,,,,,,,,
D:DARX,DARG.DE,DATRON AG,GERMANY,,,3541,50,Industrials,Local standards,,,,,,,,,,,
D:DCIK,DCIGk.F,DCI DATABASE FOR COMMERCE & INDUSTRY AG,GERMANY,1993,,7372,10,Technology,Local standards,,,,,,,,,,,
D:LOU,LOUn.H,DEAG DEUTSCHE ENTERTAINMENT AG,GERMANY,1995,,7941,40,Consumer Discretionary,IFRS,,,,,,,,,,,
D:DEFX,DEF.DE,DEFAMA DEUTSCHE FACHMARKT AG,GERMANY,,,6512,35,Real Estate,Local standards,,,,,,,,,,,
D:DEF,DEF.F,DEFAMA DEUTSCHE FACHMARKT AG,GERMANY,,,6512,35,Real Estate,Local standards,,,,,,,,,,,
D:DLX,DLXG.F,DELIGNIT AG,GERMANY,,,2435,55,Basic Materials,IFRS,,,,,,,,,,,
D:DLXX,DLXG.DE,DELIGNIT AG,GERMANY,,,2435,55,Basic Materials,IFRS,,,,,,,,,,,
D:DHERX,DHER.DE,DELIVERY HERO SE,GERMANY,,,7375,40,Consumer Discretionary,IFRS,,,54.76,63.72,71.24,82.04,79.3,79.86,78.6,80.38,80.27
D:DEX,DEXGn.F,DELTICOM AG,GERMANY,,,5961,40,Consumer Discretionary,IFRS,,,,,,,,,,,
D:DEXX,DEXGn.DE,DELTICOM AG,GERMANY,,,5961,40,Consumer Discretionary,IFRS,,,,,,,,,,,
D:DMRE,DMRE.F,DEMIRE DEUTSCHE MITTELSTAND REAL ESTATE AG,GERMANY,,,6799,35,Real Estate,IFRS,,,,,,,24.12,32.7,26.9,23.91,25.31
D:DMREX,DMRE.DE,DEMIRE DEUTSCHE MITTELSTAND REAL ESTATE AG,GERMANY,,,6799,35,Real Estate,IFRS,,,,,,,24.12,32.7,26.9,23.91,25.31
D:DMPX,DMPG.DE,DERMAPHARM HOLDING SE,GERMANY,,,2834,20,Health Care,IFRS,,,,,38.78,43.29,42.75,47.27,43.3,40.39,
D:5KZ,5KZ.D,DESSIXX AG,GERMANY,,2021,6799,30,Financials,,,,,,,,,,,,
D:DE10,DE10k.H,DEUFOL SE,GERMANY,,,8742,35,Real Estate,IFRS,,,,,,8.3,7.5,10.05,10.45,15.96,
D:DBANX,DBANn.DE,DEUTSCHE BETEILIGUNGS AG,GERMANY,1984,,6799,30,Financials,IFRS,,,,36.03,49.11,43.88,36.2,39.67,45.02,41.86,39.22
D:DB1X,DB1Gn.DE,DEUTSCHE BOERSE AG,GERMANY,1990,1993,6231,30,Financials,IFRS,69.32,72.19,72.78,74.05,75.01,76.84,74.92,69.7,66.77,67.57,69.93
D:S14,S14.D,DEUTSCHE DEFENCE BETEILIGUNGEN AG,GERMANY,,2016,6799,30,Financials,Local standards,,,,,,,,,,,
D:DEQX,DEQGn.DE,DEUTSCHE EUROSHOP AG,GERMANY,1997,1997,6531,35,Real Estate,IFRS,13.2,16.82,18.28,20.43,25.24,26.15,27.03,27.3,28.41,29.99,
D:DKGX,DKG.DE,DEUTSCHE KONSUM REAL ESTATE AG,GERMANY,,,6512,35,Real Estate,IFRS,,,,,,,,,,,
D:DKG,DKG.F,DEUTSCHE KONSUM REAL ESTATE AG,GERMANY,,,6512,35,Real Estate,IFRS,,,,,,,,,,,
D:LHAX,LHAG.DE,DEUTSCHE LUFTHANSA AG,GERMANY,1926,1954,4512,40,Consumer Discretionary,IFRS,67.4,72.47,72.48,76.39,73.35,68.88,75.13,74.0,65.58,71.04,68.42
D:4NJ,4NJ.D,DEUTSCHE PAYMENT A1M SE,GERMANY,,2020,6099,50,Industrials,Local standards,,,,,,,,,,,
D:DHLX,DHLn.DE,DEUTSCHE POST AG,GERMANY,1995,1995,4311,50,Industrials,IFRS,80.36,82.87,79.5,80.64,86.35,84.57,82.51,73.9,74.46,77.59,75.69
D:DR0X,DR0G.DE,DEUTSCHE ROHSTOFF AG,GERMANY,,,1311,60,Energy,Local standards,,,,,,,,,,,
D:DTEX,DTEGn.DE,DEUTSCHE TELEKOM AG,GERMANY,1995,1995,4812,15,Telecommunications,IFRS,78.63,79.4,77.24,80.88,83.73,87.66,86.06,82.9,80.99,82.57,83.36
D:DWNIX,DWNG.DE,DEUTSCHE WOHNEN SE,GERMANY,1996,1996,6513,35,Real Estate,IFRS,47.81,53.46,71.21,72.45,71.01,73.81,79.16,62.5,55.17,54.37,52.86
D:DEZX,DEZG.DE,DEUTZ AKTIENGESELLSCHAFT,GERMANY,1864,2001,3519,50,Industrials,IFRS,,,,59.55,56.75,65.38,66.1,66.07,63.81,58.98,59.77
D:LP5,LP5.D,,GERMANY,,,,30,Financials,,,,,,,,,,,,
D:DFTK,DFTKn.F,DF DEUTSCHE FORFAIT AG,GERMANY,,,6082,30,Financials,IFRS,,,,,,,,,,,
D:DFTKX,DFTKn.DE,DF DEUTSCHE FORFAIT AG,GERMANY,,,6082,30,Financials,IFRS,,,,,,,,,,,
D:XK7A,XK7A.MU,DFO CAPITAL SA,GERMANY,,2014,6799,30,Financials,IFRS,,,,,,,,,,,
D:DFV,DFV.H,DFV DEUTSCHE FAMILIENVERSICHERUNG AG,GERMANY,,2006,6324,20,Health Care,,,,,,,,,,,,
D:DIE,DIEG.F,DIERIG HOLDING AG,GERMANY,1805,,2241,40,Consumer Discretionary,IFRS,,,,,,,,,,,
D:DIEX,DIEG.DE,DIERIG HOLDING AG,GERMANY,1805,,2241,40,Consumer Discretionary,IFRS,,,,,,,,,,,
D:CVK,CVK.D,CON VALUE AG,GERMANY,,,6799,35,Real Estate,Local standards,,,,,,,,,,,
D:MT3,MT3.H,DISO VERWALTUNGS AG,GERMANY,,,7372,10,Technology,,,,,,,,,,,,
D:DLB,DLBG.SG,DLB ANLAGESERVICE AKTIENGESELLSCHAFT,GERMANY,,,6211,30,Financials,Local standards,,,,,,,,,,,
D:GILX,GILG.DE,DMG MORI AG,GERMANY,1870,1899,3541,50,Industrials,IFRS,,,34.19,37.77,38.71,50.88,54.4,49.88,51.0,46.97,49.33
D:D77X,D77n.DE,DN GROUP AG,GERMANY,,2012,6799,30,Financials,,,,,,,,,,,,
D:DN1,DNIG.MU,DNI BETEILIGUNGEN AG,GERMANY,,,6726,30,Financials,Local standards,,,,,,,,,,,
D:AJ91,ANWGn.F,DOCCHECK AG,GERMANY,,,8049,10,Technology,IFRS,,,,,,,,,,,
D:AJ91X,ANWGn.DE,DOCCHECK AG,GERMANY,,,8049,10,Technology,IFRS,,,,,,,,,,,
D:S0E1,S0E1g.F,,GERMANY,,,,20,Health Care,,,,,,,,,,,,
D:EFF0X,EFF0k.DE,DEUTSCHE EFFECTEN UND WECHSEL BETEILIGUNGSGESELLSCHAFT AG,GERMANY,1872,,6799,30,Financials,Local standards,,,,,,,,,,,
D:EFF0,EFF0k.F,DEUTSCHE EFFECTEN UND WECHSEL BETEILIGUNGSGESELLSCHAFT AG,GERMANY,1872,,6799,30,Financials,Local standards,,,,,,,,,,,
D:DGR,DGRG.F,DEUTSCHE GRUNDSTUECKSAUKTIONEN VORMALS BERLINER GRUNDSTUECKSAUKTIONEN AG,GERMANY,1998,,6531,35,Real Estate,Local standards,,,,,,,,,,,
D:DGRX,DGRG.DE,DEUTSCHE GRUNDSTUECKSAUKTIONEN VORMALS BERLINER GRUNDSTUECKSAUKTIONEN AG,GERMANY,1998,,6531,35,Real Estate,Local standards,,,,,,,,,,,
D:PBBX,PBBG.DE,DEUTSCHE PFANDBRIEFBANK AG,GERMANY,1869,,6162,30,Financials,IFRS,,,,57.18,59.1,59.18,62.43,59.82,63.21,65.78,64.83
D:DUEX,DUEG.DE,DUERR AG,GERMANY,1896,1989,3553,50,Industrials,IFRS,28.87,30.84,28.88,38.59,41.79,54.63,62.8,62.54,68.2,79.06,77.75
D:T7RA,T7RAk.H,DWK DEUTSCHE WASSERKRAFT AG,GERMANY,,,4911,30,Financials,,,,,,,,,,,,
D:DWSX,DWSG.DE,DWS GROUP GMBH & CO KGAA,GERMANY,,,6282,30,Financials,IFRS,,,,46.0,56.64,64.65,55.01,70.47,67.64,67.34,70.33
D:EOANX,EONGn.DE,E.ON SE,GERMANY,1916,1920,4911,65,Utilities,IFRS,78.35,77.42,67.77,74.89,74.81,67.9,68.5,69.31,64.84,67.16,67.92
D:U9P,U9P.D,EAMD EUROPEAN AEROMARINE DRONES AG,GERMANY,,2001,6799,50,Industrials,,,,,,,,,,,,
D:ESY,ESYGn.H,EASY SOFTWARE AG,GERMANY,1990,,7372,35,Real Estate,IFRS,,,,,,,,,,,
D:EFIT,EFIT.MU,EASYMOTIONSKIN TEC GMBH,GERMANY,,2016,3845,20,Health Care,,,,,,,,,,,,
D:EUZX,EUZG.DE,ECKERT & ZIEGLER SE,GERMANY,,,2819,20,Health Care,IFRS,,,,,38.99,49.09,36.1,52.95,56.87,60.26,
D:ECF,ECF1.F,MOUNTAIN ALLIANCE AG,GERMANY,,,5961,40,Consumer Discretionary,Local standards,,,,,,,,,,,
D:E4CX,E4CG.DE,ECOTEL COMMUNICATION AG,GERMANY,,,4813,15,Telecommunications,IFRS,,,,,,,,,,,
D:E4C,E4CG.F,ECOTEL COMMUNICATION AG,GERMANY,,,4813,15,Telecommunications,IFRS,,,,,,,,,,,
D:ED4X,ED4.DE,EDAG ENGINEERING GROUP AG,GERMANY,,2015,3711,40,Consumer Discretionary,IFRS,,,,34.82,44.73,47.0,47.76,59.17,53.95,46.06,44.27
D:ED4,ED4.F,EDAG ENGINEERING GROUP AG,GERMANY,,2015,3711,40,Consumer Discretionary,IFRS,,,,34.82,44.73,47.0,47.76,59.17,53.95,46.06,44.27
D:EDL,EDLG.F,EDEL SE & CO KGAA,GERMANY,1986,2019,3652,40,Consumer Discretionary,Local standards,,,,,,,,,,,
D:EDLX,EDLG.DE,EDEL SE & CO KGAA,GERMANY,1986,2019,3652,40,Consumer Discretionary,Local standards,,,,,,,,,,,
D:EFS,EFSG.SG,EFFECTEN-SPIEGEL AG,GERMANY,,,6282,30,Financials,Local standards,,,,,,,,,,,
D:LP2,LP2.D,EHTI EURASIA HIGH TECHNOLOGY INDUSTRIES SE,GERMANY,,2021,5182,50,Industrials,,,,,,,,,,,,
D:JZ60,JZ60k.D,EIGENHEIM UNION 1898 BETEILIGUNGS AG,GERMANY,,2021,6531,40,Consumer Discretionary,,,,,,,,,,,,
D:HAK,HAKG.HA,EINBECKER BRAUHAUS AG,GERMANY,,,2082,45,Consumer Staples,Local standards,,,,,,,,,,,
D:ELS,ELSn.MU,,GERMANY,,,,40,Consumer Discretionary,,,,,,,,,,,,
D:EBS,EBSG.H,ELBSTEIN AG,GERMANY,,,6799,30,Financials,Local standards,,,,,,,,,,,
D:E8X,E8XG.F,ELEXXION AG,GERMANY,,,3843,20,Health Care,,,,,,,,,,,,
D:ELGX,ELGG.DE,ELMOS SEMICONDUCTOR SE,GERMANY,1984,1999,3674,10,Technology,IFRS,,,,25.36,33.67,34.54,48.06,60.0,57.61,59.49,59.6
D:ZIL2X,ZILGn.DE,ELRINGKLINGER AG,GERMANY,1872,1938,3714,40,Consumer Discretionary,IFRS,53.72,49.93,47.58,45.96,41.04,49.84,51.27,49.68,51.81,55.64,46.67
D:ELB,ELBG.F,ELUMEO SE,GERMANY,,,3911,40,Consumer Discretionary,IFRS,,,,,,,,,,,
D:ELBX,ELBG.DE,ELUMEO SE,GERMANY,,,3911,40,Consumer Discretionary,IFRS,,,,,,,,,,,
D:H2O,H2OG.F,ENAPTER AG,GERMANY,1995,,4911,60,Energy,IFRS,,,,,,,,,,,
D:H2OX,H2OG.DE,ENAPTER AG,GERMANY,1995,,4911,60,Energy,IFRS,,,,,,,,,,,
D:EBKX,EBKG.DE,ENBW ENERGIE BADEN-WURTTEMBERG AG,GERMANY,,,4911,65,Utilities,IFRS,,,,,,53.58,54.59,49.46,53.96,57.36,
D:E2N,E2NG.H,ENDOR AG,GERMANY,,,3577,10,Technology,,,,,,,,,,,,
D:EM6,EM6.MU,,GERMANY,,,,65,Utilities,,,,,,,,,,,,
D:EKTX,EKTG.DE,ENERGIEKONTOR AG,GERMANY,1990,1996,4911,65,Utilities,IFRS,,,,,,,,,15.96,17.12,
D:ETGX,ETGG.DE,ENVITEC BIOGAS AG,GERMANY,,,4911,60,Energy,Local standards,,,,,,1.97,3.08,5.74,5.53,5.25,
D:ECX,ECXk.F,EPIGENOMICS AG,GERMANY,,,2834,30,Financials,Local standards,,,,,,,,,,,
D:EAD,EADG.F,ERLEBNIS AKADEMIE AG,GERMANY,,,8422,40,Consumer Discretionary,Local standards,,,,,,,,,,,
D:ERAGX,ERAGn.DE,ERNST RUSS AG,GERMANY,,,6282,50,Industrials,Local standards,,,,,,,,,,,
D:ERWE,ERWE.F,ERWE IMMOBILIEN AG,GERMANY,2004,2018,1542,30,Financials,,,,,,,,,,,,
D:ERWEX,ERWE.DE,ERWE IMMOBILIEN AG,GERMANY,2004,2018,1542,30,Financials,,,,,,,,,,,,
D:ENG,ENGk.F,DIGITAL INVEST EV GMBH,GERMANY,,2015,6211,35,Real Estate,Local standards,,,,,,,,,,,
D:EVKX,EVKn.DE,EVONIK INDUSTRIES AG,GERMANY,1968,2006,2869,55,Basic Materials,IFRS,87.31,88.08,87.99,87.09,86.34,84.59,87.01,86.7,84.0,79.59,80.78
D:EXL,EXLn.F,EXASOL AG,GERMANY,,,7372,10,Technology,Local standards,,,,,,,,,,,
D:EXLX,EXLn.DE,EXASOL AG,GERMANY,,,7372,10,Technology,Local standards,,,,,,,,,,,
D:FAA,FAAS.F,FABASOFT AG,GERMANY,,1999,7371,10,Technology,IFRS,,,,,,,,,,,
D:FAAX,FAAS.DE,FABASOFT AG,GERMANY,,1999,7371,10,Technology,IFRS,,,,,,,,,,,
D:FVI,FVIG.F,FAIR VALUE REIT-AG,GERMANY,,,6512,35,Real Estate,IFRS,,,,,,,,,,,
D:FAK,FAKG.H,FALKENSTEIN NEBENWERTE AG,GERMANY,,,6799,30,Financials,Local standards,,,,,,,,,,,
D:V3V,V3Vn.F,FAMICORD AG,GERMANY,,,8099,20,Health Care,IFRS,,,,,,,,,,,
D:V3VX,V3Vn.DE,FAMICORD AG,GERMANY,,,8099,20,Health Care,IFRS,,,,,,,,,,,
D:FF24,FF24.F,FAST FINANCE 24 HOLDING AG,GERMANY,,,6141,30,Financials,Local standards,,,,,,,,,,,
D:C45,C45.D,FAVEOS SE,GERMANY,,2021,4911,50,Industrials,Local standards,,,,,,,,,,,
D:8FCA,8FCAp.F,,GERMANY,,,,40,Consumer Discretionary,,,,,,,,,,,,
D:FC9,FC9.F,FCR IMMOBILIEN AG,GERMANY,,,6512,35,Real Estate,IFRS,,,,,,,,,,,
D:FC9X,FC9.DE,FCR IMMOBILIEN AG,GERMANY,,,6512,35,Real Estate,IFRS,,,,,,,,,,,
D:FHW,FHWG.F,FERNHEIZWERK NEUKOELLN AG,GERMANY,1908,,4961,65,Utilities,Local standards,,,,,,,,,,,
D:FIEX,FIEG.DE,FIELMANN GROUP AG,GERMANY,1972,1994,5995,40,Consumer Discretionary,IFRS,27.32,22.37,35.73,39.74,40.32,43.58,45.74,42.86,44.9,44.46,
D:U1DA,U1DA.F,FINCHAIN CAPITAL PARTNERS AG,GERMANY,,,6799,40,Consumer Discretionary,,,,,,,,,,,,
D:FXT,FXTn.MU,,GERMANY,,,,30,Financials,,,,,,,,,,,,
D:FXTX,FXTn.DE,,GERMANY,,,,30,Financials,,,,,,,,,,,,
D:SISX,SISG.DE,FIRST SENSOR AG,GERMANY,1991,,3674,50,Industrials,IFRS,,,,,,40.21,34.85,38.96,42.51,43.75,
D:FTKX,FTKn.DE,FLATEXDEGIRO SE,GERMANY,,,6211,30,Financials,IFRS,,,,12.82,14.91,41.29,31.95,62.89,59.48,61.0,56.2
D:FTRK,FTRKk.H,FONTERELLI GMBH & CO. KGAA,GERMANY,,,6799,30,Financials,Local standards,,,,,,,,,,,
D:R0D,R0D.D,,GERMANY,,,,30,Financials,,,,,,,,,,,,
D:FRS,FRSG.F,FORIS AG,GERMANY,1996,,6799,30,Financials,IFRS,,,,,,,,,,,
D:FRSX,FRSG.DE,FORIS AG,GERMANY,1996,,6799,30,Financials,IFRS,,,,,,,,,,,
D:FYBX,FYB.DE,FORMYCON AG,GERMANY,,,8731,20,Health Care,IFRS,,,,,,,,,,,
D:FEV,FEVG.F,FORTEC ELEKTRONIK AG,GERMANY,1984,,3679,10,Technology,IFRS,,,,,,,,,,,
D:FEVX,FEVG.DE,FORTEC ELEKTRONIK AG,GERMANY,1984,,3679,10,Technology,IFRS,,,,,,,,,,,
D:CT4,CT4k.D,,GERMANY,,,,40,Consumer Discretionary,,,,,,,,,,,,
D:FFM1,FFM1.H,FRANCONOFURT AG,GERMANY,,,6531,35,Real Estate,Local standards,,,,,,,,,,,
D:FPH,FPHG.H,FRANCOTYP POSTALIA HOLDING AG,GERMANY,,,7372,40,Consumer Discretionary,IFRS,,,,,39.32,50.65,42.56,41.55,35.78,39.93,
D:FRAX,FRAG.DE,FRAPORT AG FRANKFURT AIRPORT SERVICES WORLDWIDE,GERMANY,1924,2004,4581,50,Industrials,IFRS,86.24,85.82,81.23,81.73,81.39,82.15,75.94,75.96,72.37,69.16,67.34
D:FNTNX,FNTGn.DE,FREENET AG,GERMANY,1991,2005,4812,15,Telecommunications,IFRS,10.19,16.72,16.02,31.7,35.01,31.82,35.9,36.45,38.24,44.56,45.84
D:FQTX,FQT.DE,FREQUENTIS AG,GERMANY,,1947,4581,50,Industrials,IFRS,,,,,,54.27,51.98,53.49,57.96,53.4,
D:VH2X,VH2.DE,FRIEDRICH VORWERK GROUP SE,GERMANY,,,1623,50,Industrials,IFRS,,,,,,,,,,,
D:CEA,CEAG.F,FRIWO AG,GERMANY,1967,,3699,45,Consumer Staples,IFRS,,,,,,,,,,,
D:CEAX,CEAG.DE,FRIWO AG,GERMANY,1967,,3699,45,Consumer Staples,IFRS,,,,,,,,,,,
D:FPEX,FPEn.DE,FUCHS SE,GERMANY,1931,2013,2992,55,Basic Materials,IFRS,26.13,32.26,50.08,51.98,46.61,54.84,55.74,57.16,54.48,57.07,55.67
D:1YT,1YTn.D,FUTURESMART HOLDINGS AG,GERMANY,,2022,1731,50,Industrials,Local standards,,,,,,,,,,,
D:XK4X,XK4.DE,,GERMANY,,,,50,Industrials,,,,,,,,,,,,
D:GTY,GTYG.SG,GATEWAY REAL ESTATE AG,GERMANY,,2006,6513,35,Real Estate,,,,,,,,,,,,
D:GTYX,GTYG.DE,GATEWAY REAL ESTATE AG,GERMANY,,2006,6513,35,Real Estate,,,,,,,,,,,,
D:GBQ,GBQG.MU,GBK BETEILIGUNGEN AG,GERMANY,1969,,6799,30,Financials,Local standards,,,,,,,,,,,
D:INW,INWk.F,GBS SOFTWARE AG,GERMANY,,,7371,10,Technology,Local standards,,,,,,,,,,,
D:INWX,INWk.DE,GBS SOFTWARE AG,GERMANY,,,7371,10,Technology,Local standards,,,,,,,,,,,
D:JTH0,JTH0.MU,GESUNDHEITSWELT CHIEMGAU AG,GERMANY,1971,,8011,20,Health Care,Local standards,,,,,,,,,,,
D:G1AX,G1AG.DE,GEA GROUP AG,GERMANY,1881,2011,3556,50,Industrials,IFRS,39.0,49.21,63.36,68.8,69.08,68.54,68.3,82.4,84.52,83.03,
D:GME,GMEG.F,GERATHERM MEDICAL AG,GERMANY,1990,,3841,20,Health Care,IFRS,,,,,,,,,,,
D:GMEX,GMEG.DE,GERATHERM MEDICAL AG,GERMANY,1990,,3841,20,Health Care,IFRS,,,,,,,,,,,
D:GXIX,GXIG.DE,GERRESHEIMER AG,GERMANY,,,3089,20,Health Care,IFRS,43.39,52.91,58.33,71.85,74.83,75.01,76.43,72.63,71.7,72.0,
D:GSC1,GSC1n.F,GESCO SE,GERMANY,1989,1992,3452,50,Industrials,IFRS,,,,,30.94,37.44,46.34,46.85,45.13,45.38,
D:GSC1X,GSC1n.DE,GESCO SE,GERMANY,1989,1992,3452,50,Industrials,IFRS,,,,,30.94,37.44,46.34,46.85,45.13,45.38,
D:GFTX,GFTG.DE,GFT TECHNOLOGIES SE,GERMANY,1987,2008,7373,10,Technology,IFRS,,,,42.21,41.94,54.84,58.06,61.51,58.9,59.9,57.58
D:GGS,GGS.F,GIGASET AG,GERMANY,1900,,3661,15,Telecommunications,IFRS,,,,,,47.19,52.31,47.63,44.6,,
D:M4N,M4N.H,GIVE AG,GERMANY,,,1721,55,Basic Materials,,,,,,,1.41,1.71,6.0,,,
D:GFGX,GFG.DE,GLOBAL FASHION GROUP SA,GERMANY,,2014,5651,40,Consumer Discretionary,IFRS,,,,,,36.51,44.83,47.75,44.77,49.32,49.85
D:GFG,GFG.F,GLOBAL FASHION GROUP SA,GERMANY,,2014,5651,40,Consumer Discretionary,IFRS,,,,,,36.51,44.83,47.75,44.77,49.32,49.85
D:QCE,QCEG.H,GLOBAL PVQ SE I I,GERMANY,,,3674,60,Energy,,,,,,,,,,,,
D:G6P0,G6P0k.F,GOING PUBLIC MEDIA AG,GERMANY,,,7375,40,Consumer Discretionary,Local standards,,,,,,,,,,,
D:G6P0X,G6P0k.DE,GOING PUBLIC MEDIA AG,GERMANY,,,7375,40,Consumer Discretionary,Local standards,,,,,,,,,,,
D:G4B,G4B.H,GOOD BRANDS AG,GERMANY,,2016,6799,30,Financials,,,,,,,,,,,,
D:GAG0,GAG0k.MU,GORE GERMAN OFFICE REAL ESTATE AG,GERMANY,,,6531,35,Real Estate,,,,,,,,,,,,
D:0GM,0GM.D,GRACENT AG IN LIQUIDATION,GERMANY,,2008,3845,20,Health Care,Local standards,,,,,,,,,,,
D:GMM,GMMG.F,GRAMMER AG,GERMANY,,,2396,40,Consumer Discretionary,IFRS,,,,,,35.72,35.34,45.0,56.45,58.18,56.0
D:GMMX,GMMG.DE,GRAMMER AG,GERMANY,,,2396,40,Consumer Discretionary,IFRS,,,,,,35.72,35.34,45.0,56.45,58.18,56.0
D:GYCX,GYC.DE,GRAND CITY PROPERTIES SA,GERMANY,,2011,6513,35,Real Estate,IFRS,,,41.02,42.23,44.2,47.87,41.98,49.2,49.85,51.19,51.24
D:GRF,GRFG.F,GREIFFENBERGER AG,GERMANY,1986,,3316,50,Industrials,IFRS,,,,,,,,,,,
D:AMM,AMMk.D,GROUNDS REAL ESTATE DEVELOPMENT AG,GERMANY,,,6513,50,Industrials,IFRS,,,,,,,,,,,
D:AMMX,AMMk.DE,GROUNDS REAL ESTATE DEVELOPMENT AG,GERMANY,,,6513,50,Industrials,IFRS,,,,,,,,,,,
D:2HRA,2HR.F,H&R GMBH & CO KGAA,GERMANY,,,2911,55,Basic Materials,IFRS,,,,31.54,33.49,42.4,43.1,40.26,37.4,32.68,
D:2HRAX,2HR.DE,H&R GMBH & CO KGAA,GERMANY,,,2911,55,Basic Materials,IFRS,,,,31.54,33.49,42.4,43.1,40.26,37.4,32.68,
D:M5S,M5S.F,H2 CORE AG,GERMANY,,,6799,50,Industrials,,,,,,,,,,,,
D:M5SX,M5S.DE,H2 CORE AG,GERMANY,,,6799,50,Industrials,,,,,,,,,,,,
D:HAEK,HAEk.H,HAEMATO AG,GERMANY,,,2834,35,Real Estate,,,,,,,,,,,,
D:H2RB,H2RBn.H,HALLOREN SCHOKOLADENFABRIK AG,GERMANY,,,2064,45,Consumer Staples,Local standards,,,,,,,,,,,
D:HABAX,HABAn.DE,HAMBORNER AG,GERMANY,1953,,6512,35,Real Estate,IFRS,,,,29.72,40.15,44.99,51.83,51.61,61.14,57.34,
D:HHFAX,HHFGn.DE,HAMBURGER HAFEN UND LOGISTIK AG,GERMANY,,,4491,50,Industrials,IFRS,45.81,47.57,50.92,55.48,67.21,68.37,58.2,57.1,54.16,51.93,51.91
D:HHX,HHXG.H,HAMMONIA SCHIFFSHOLDING AG,GERMANY,,,4412,50,Industrials,Local standards,,,,,,,,,,,
D:HNR1X,HNRGn.DE,HANNOVER RUECK SE,GERMANY,1966,2006,6311,30,Financials,IFRS,71.72,60.34,60.29,63.2,58.05,67.68,71.46,68.18,65.41,57.3,59.05
D:H9Y,H9YG.H,HANSEYACHTS AG,GERMANY,,,3732,50,Industrials,,,,,,,,,13.43,12.85,,
D:HLAGX,HLAG.DE,HAPAG-LLOYD AG,GERMANY,1970,,4412,50,Industrials,IFRS,,,62.44,66.71,64.57,66.48,53.98,71.38,74.36,66.71,67.02
D:ABHA,ABHA.MU,HASEN-IMMOBILIEN AG,GERMANY,,,6512,35,Real Estate,IFRS,,,,,,,,,,,
D:KA1,KA1n.MU,,GERMANY,,,,35,Real Estate,,,,,,,,,,,,
D:KA1X,KA1n.DE,,GERMANY,,,,35,Real Estate,,,,,,,,,,,,
D:HAW,HAWG.F,HAWESKO HOLDING SE,GERMANY,1998,,5999,45,Consumer Staples,IFRS,,,,,,45.92,48.68,49.11,44.19,40.53,
D:HAWX,HAWG.DE,HAWESKO HOLDING SE,GERMANY,1998,,5999,45,Consumer Staples,IFRS,,,,,,45.92,48.68,49.11,44.19,40.53,
D:A7K,A7K.D,HBI-HYPERION SE,GERMANY,,,6799,10,Technology,,,,,,,,,,,,
D:HPHA,HPHA.F,HEIDELBERG PHARMA AG,GERMANY,,2017,8731,20,Health Care,IFRS,,,,,,,,,,,
D:HPHAX,HPHA.DE,HEIDELBERG PHARMA AG,GERMANY,,2017,8731,20,Health Care,IFRS,,,,,,,,,,,
D:HDDX,HDDG.DE,HEIDELBERGER DRUCKMASCHINEN AG,GERMANY,1850,1900,3559,50,Industrials,IFRS,33.16,42.46,43.57,52.33,53.25,55.0,50.6,49.0,71.67,71.07,61.38
D:A7A,A7An.F,HELIAD AG,GERMANY,,,6282,30,Financials,Local standards,,,,,,,,,,,
D:A7AX,A7An.DE,HELIAD AG,GERMANY,,,6282,30,Financials,Local standards,,,,,,,,,,,
D:HLEX,HLE.DE,HELLA GMBH & CO KGAA,GERMANY,,,3694,40,Consumer Discretionary,IFRS,,,,42.92,47.87,58.62,58.55,59.06,71.14,71.64,71.74
D:HFGX,HFGG.DE,HELLOFRESH SE,GERMANY,,,5411,45,Consumer Staples,IFRS,,,,40.93,47.57,66.66,78.82,76.99,75.12,77.71,75.54
D:HSRN,HSRN.H,HELVETICSTAR HOLDING AG IN LIQUIDATION,GERMANY,,1992,6799,30,Financials,,,,,,,,,,,,
D:HENX,HNKG.DE,HENKEL AG AND CO. KGAA,GERMANY,1876,1878,2891,55,Basic Materials,IFRS,78.01,72.26,71.46,69.81,80.83,83.15,82.19,80.86,82.0,75.57,76.5
D:HAGX,HAGG.DE,HENSOLDT AG,GERMANY,,,3812,50,Industrials,IFRS,,,,,,60.17,69.67,72.37,73.51,68.69,70.36
D:HGEA,HGEA.F,HGEARS AG,GERMANY,,2021,3714,40,Consumer Discretionary,IFRS,,,,,,,,,,,
D:HGEAX,HGEA.DE,HGEARS AG,GERMANY,,2021,3714,40,Consumer Discretionary,IFRS,,,,,,,,,,,
D:HLG,HLGZ.F,HIGHLIGHT COMMUNICATIONS AG,GERMANY,,2005,7812,40,Consumer Discretionary,IFRS,,,,,,14.15,13.62,9.65,8.84,10.29,
D:HLGX,HLGZ.DE,HIGHLIGHT COMMUNICATIONS AG,GERMANY,,2005,7812,40,Consumer Discretionary,IFRS,,,,,,14.15,13.62,9.65,8.84,10.29,
D:HMU,HMUG.F,HMS BERGBAU AG,GERMANY,,,5052,60,Energy,Local standards,,,,,,,,,,,
D:HMUX,HMUG.DE,HMS BERGBAU AG,GERMANY,,,5052,60,Energy,Local standards,,,,,,,,,,,
D:HOTX,HOTG.DE,HOCHTIEF AG,GERMANY,1875,2001,1611,50,Industrials,IFRS,81.48,89.15,86.03,84.59,84.3,86.81,89.16,84.48,85.76,78.79,77.67
D:HNL,HNL.F,HOENLE AG,GERMANY,1976,,3569,50,Industrials,IFRS,,,,,,18.48,22.82,22.28,25.25,31.74,33.3
D:HNLX,HNL.DE,HOENLE AG,GERMANY,1976,,3569,50,Industrials,IFRS,,,,,,18.48,22.82,22.28,25.25,31.74,33.3
D:C9T,C9TG.H,HOEVELRAT HOLDING AG,GERMANY,,,6282,30,Financials,,,,,,,,,,,,
D:NBH,NBHG.MU,HOFTEX GROUP AG,GERMANY,1853,,2281,55,Basic Materials,Local standards,,,,,,3.11,11.77,13.82,14.16,12.89,
D:HHHA,HHHAk.MU,HOMES & HOLIDAY AG,GERMANY,,,6531,35,Real Estate,Local standards,,,,,,,,,,,
D:HTGX,HTGG.DE,HOMETOGO SE,GERMANY,,2020,7375,40,Consumer Discretionary,IFRS,,,,,,,,,,,
D:HRU,HRUG.SG,HORUS AG,GERMANY,,,6799,30,Financials,Local standards,,,,,,,,,,,
D:H9W,H9WG.F,HWA AG,GERMANY,,,3711,40,Consumer Discretionary,Local standards,,,,,,,,,,,
D:H9WX,H9WG.DE,HWA AG,GERMANY,,,3711,40,Consumer Discretionary,Local standards,,,,,,,,,,,
D:9MQ,9MQ.D,HWK 1365 SE,GERMANY,,2021,2621,30,Financials,Local standards,,,,,,,,,,,
D:HYW,HYWG.H,HYDROTEC GESELLSCHAFT FUER WASSERTECHNIK AG,GERMANY,,,1711,55,Basic Materials,,,,,,,,,,,,
D:HYQX,HYQGn.DE,HYPOPORT SE,GERMANY,,,7372,30,Financials,IFRS,,,,36.32,39.74,42.9,41.14,38.39,38.92,42.51,42.66
D:HYI,HYIG.F,HYRICAN INFORMATIONSSYSTEME AG,GERMANY,1990,,3571,10,Technology,Local standards,,,,,,,,,,,
D:IBUX,IBU.DE,IBU-TEC ADVANCED MATERIALS AG,GERMANY,,,3691,55,Basic Materials,Local standards,,,,,,,,,,,
D:IBU,IBU.F,IBU-TEC ADVANCED MATERIALS AG,GERMANY,,,3691,55,Basic Materials,Local standards,,,,,,,,,,,
D:IS8,IS8G.H,IFA SYSTEMS AG,GERMANY,,,7372,20,Health Care,Local standards,,,,,,,,,,,
D:ILK2,ILK2.SG,IFUNDED AG,GERMANY,,,6799,35,Real Estate,,,,,,,,,,,,
D:A62,A62.D,IGP ADVANTAG AG,GERMANY,,,6531,30,Financials,,,,,,,,,,,,
D:90Y,90Y.D,,GERMANY,,,,30,Financials,,,,,,,,,,,,
D:IR1,IR1.MU,IMMOVARIA REAL ESTATE AG,GERMANY,,2016,6513,30,Financials,,,,,,,,,,,,
D:05P,05P.D,IMPERA SE,GERMANY,,2019,6282,30,Financials,Local standards,,,,,,,,,,,
D:IC8,IC8Gn.SG,INCITY IMMOBILIEN AG,GERMANY,2005,2011,6513,35,Real Estate,Local standards,,,,,,,,,,,
D:I8CK,I8CKk.H,INDEPENDENT CAPITAL AG,GERMANY,,,6282,30,Financials,Local standards,,,,,,,,,,,
D:INHX,INHG.DE,INDUS HOLDING AG,GERMANY,1989,1991,3465,50,Industrials,IFRS,,,,24.98,32.92,36.53,34.07,27.64,25.61,26.82,21.71
D:IFS,IFS1.F,INFAS HOLDING AG,GERMANY,1995,,8732,40,Consumer Discretionary,IFRS,,,,,,,,,,,
D:IXXX,IXXG.DE,INIT INNOVATION IN TRAFFIC SYSTEMS SE,GERMANY,1983,,7372,10,Technology,IFRS,,,,,,29.21,29.93,33.27,37.83,37.65,35.56
D:TSS,TSSG.F,INNOTEC TSS AG,GERMANY,1986,,3442,55,Basic Materials,IFRS,,,,,,,,,,,
D:CCB,CCBG.F,INSTANT GROUP AG,GERMANY,,,6799,30,Financials,Local standards,,,,,,,,,,,
D:INSX,INS2.DE,INSTONE REAL ESTATE GROUP SE,GERMANY,,,1531,35,Real Estate,IFRS,,,,,,49.42,58.51,56.65,73.84,71.72,71.14
D:9JK,9JKn.F,INTERNATIONAL SCHOOL AUGSBURG AG,GERMANY,,2016,8211,40,Consumer Discretionary,,,,,,,,,,,,
D:ISHAX,ISH1k.DE,INTERSHOP COMMUNICATIONS AG,GERMANY,1992,,7373,10,Technology,IFRS,,,,,,,,,,,
D:ISHA,ISH1k.F,INTERSHOP COMMUNICATIONS AG,GERMANY,1992,,7373,10,Technology,IFRS,,,,,,,,,,,
D:LAH1,LAH1.MU,INTERSTAHL HANDEL HOLDING AG,GERMANY,,,5051,40,Consumer Discretionary,,,,,,,,,,,,
D:ITN,ITMG.F,INTERTAINMENT AG,GERMANY,,,7822,40,Consumer Discretionary,IFRS,,,,,,,,,,,
D:ITNX,ITMG.DE,INTERTAINMENT AG,GERMANY,,,7822,40,Consumer Discretionary,IFRS,,,,,,,,,,,
D:IS7,IS7.F,INTICA SYSTEMS SE,GERMANY,,,3677,10,Technology,IFRS,,,,,,9.31,25.95,26.79,25.69,20.72,
D:IS7X,IS7.DE,INTICA SYSTEMS SE,GERMANY,,,3677,10,Technology,IFRS,,,,,,9.31,25.95,26.79,25.69,20.72,
D:IOSX,IOSn.DE,IONOS GROUP SE,GERMANY,,2016,7374,10,Technology,IFRS,,,,,,,,,,,
D:IQL,IQL.F,IQ INTERNATIONAL AG IN LIQUIDATION,GERMANY,,2018,3694,40,Consumer Discretionary,,,,,,,,,,,,
D:LWD,LWD.D,IVESTOS AG,GERMANY,,,6799,30,Financials,Local standards,,,,,,,,,,,
D:IVUX,IVUG.DE,IVU TRAFFIC TECHNOLOGIES AG,GERMANY,1976,,7372,10,Technology,IFRS,,,,,,34.56,37.26,47.26,47.07,39.2,41.6
D:JFIK,JFIGk.H,JANOSCH FILM & MEDIEN AG,GERMANY,,,7812,40,Consumer Discretionary,Local standards,,,,,,,,,,,
D:JDCX,JDC.DE,JDC GROUP AG,GERMANY,,,6211,30,Financials,IFRS,,,,,,,,,,,
D:JENX,JENGn.DE,JENOPTIK AG,GERMANY,1991,,3674,10,Technology,IFRS,,,,47.9,52.99,56.45,67.54,66.85,68.22,66.36,66.66
D:JFB,JFBG.H,JOH. FRIEDRICH BEHRENS AG,GERMANY,1910,,3423,50,Industrials,,,,,,,,,,,,
D:JOX,JOXG.SG,JOST AG,GERMANY,1984,,8742,10,Technology,Local standards,,,,,,,,,,,
D:JSTX,JST.DE,JOST WERKE SE,GERMANY,,,3711,40,Consumer Discretionary,IFRS,,,,42.93,42.46,51.26,58.27,60.87,56.77,56.34,55.15
D:SDFX,SDFGn.DE,K+S AG,GERMANY,1889,1889,2875,55,Basic Materials,IFRS,37.92,36.99,44.1,51.23,51.88,54.96,51.39,56.68,56.54,51.62,58.81
D:IUR,IURG.F,KAP AG,GERMANY,1986,,6799,40,Consumer Discretionary,IFRS,,,,,,53.8,64.2,59.57,42.97,40.82,
D:IURX,IURG.DE,KAP AG,GERMANY,1986,,6799,40,Consumer Discretionary,IFRS,,,,,,53.8,64.2,59.57,42.97,40.82,
D:HETA,HETAn.F,KHD HUMBOLDT WEDAG INDUSTRIAL SERVICES AG,GERMANY,1974,,1541,55,Basic Materials,,,,,,,,,,,,
D:KWG,KWGG.F,KHD HUMBOLDT WEDAG INTERNATIONAL (DEUTSCHLAND) AG,GERMANY,,2001,5084,50,Industrials,IFRS,,,,,,36.2,,36.15,35.32,33.83,
D:KWGX,KWGG.DE,KHD HUMBOLDT WEDAG INTERNATIONAL (DEUTSCHLAND) AG,GERMANY,,2001,5084,50,Industrials,IFRS,,,,,,36.2,,36.15,35.32,33.83,
D:KGXX,KGX.DE,KION GROUP AG,GERMANY,,,3537,50,Industrials,IFRS,34.17,46.32,60.62,63.52,63.89,77.88,71.97,72.65,71.93,76.38,76.78
D:KA8,KA8Gn.F,KLASSIK RADIO AG,GERMANY,,,4832,15,Telecommunications,IFRS,,,,,,,,,,,
D:KA8X,KA8Gn.DE,KLASSIK RADIO AG,GERMANY,,,4832,15,Telecommunications,IFRS,,,,,,,,,,,
D:KCOX,KCOGn.DE,KLOECKNER & CO SE,GERMANY,,,5051,55,Basic Materials,IFRS,46.79,47.05,48.76,48.45,46.47,50.41,52.57,63.79,61.68,54.91,
D:KTA,KTAG.F,KNAUS TABBERT AG,GERMANY,,,3792,40,Consumer Discretionary,IFRS,,,,,,62.86,56.3,59.17,55.95,51.79,
D:KTAX,KTAG.DE,KNAUS TABBERT AG,GERMANY,,,3792,40,Consumer Discretionary,IFRS,,,,,,62.86,56.3,59.17,55.95,51.79,
D:KBXX,KBX.DE,KNORR BREMSE AG,GERMANY,,,3743,50,Industrials,IFRS,,,55.96,64.11,69.55,77.11,79.57,79.7,79.61,70.62,69.65
D:SKB,SKBG.F,KOENIG & BAUER AG,GERMANY,1817,1920,3555,50,Industrials,IFRS,,,,27.6,34.77,38.37,41.65,39.7,36.77,35.17,32.89
D:SKBX,SKBG.DE,KOENIG & BAUER AG,GERMANY,1817,1920,3555,50,Industrials,IFRS,,,,27.6,34.77,38.37,41.65,39.7,36.77,35.17,32.89
D:KUB1,KUB1G.MU,KONSORTIUM AG,GERMANY,1987,,6282,30,Financials,,,,,,,,,,,,
D:KTNX,KTN.DE,KONTRON AG,GERMANY,1990,1990,7372,10,Technology,IFRS,,,,44.28,60.26,66.76,77.32,79.82,73.93,72.87,75.2
D:KSC,HACGn.F,KPS AG,GERMANY,1989,,7373,10,Technology,IFRS,,,,,24.97,28.8,25.85,23.76,21.44,21.32,
D:KSCX,HACGn.DE,KPS AG,GERMANY,1989,,7373,10,Technology,IFRS,,,,,24.97,28.8,25.85,23.76,21.44,21.32,
D:KRNX,KRNG.DE,KRONES AG,GERMANY,1951,1980,3565,50,Industrials,IFRS,,,45.96,44.72,45.52,51.39,46.61,49.1,55.73,63.4,63.23
D:KSBX,KSBG.DE,KSB SE & CO KGAA,GERMANY,1871,1916,3594,50,Industrials,IFRS,,,,,,35.15,39.22,50.03,44.86,43.04,43.07
D:KSW,KSWG.F,KST BETEILIGUNGS AG,GERMANY,,,6799,30,Financials,Local standards,,,,,,,,,,,
D:KUL,KULG.MU,KULMBACHER BRAUEREI AG,GERMANY,1895,,2082,45,Consumer Staples,IFRS,,,,,,,,,,,
D:KWSX,KWSG.DE,KWS SAAT SE & CO KGAA,GERMANY,1864,2007,115,45,Consumer Staples,IFRS,,,,46.8,49.58,47.73,59.58,55.73,56.07,49.59,51.29
D:LQAG,LQAG.F,LAIQON AG,GERMANY,,,6282,30,Financials,IFRS,,,,,,,,,,,
D:LQAGX,LQAG.DE,LAIQON AG,GERMANY,,,6282,30,Financials,IFRS,,,,,,,,,,,
D:LEH,LEH.F,LEHNER INVESTMENTS AG,GERMANY,,,2822,45,Consumer Staples,,,,,,,,,,,,
D:LKM,LKMG.MU,LANDSHUTER KUNSTMUEHLE AG,GERMANY,1898,,2041,45,Consumer Staples,,,,,,,,,,,,
D:LUS1X,LUS1n.DE,LANG & SCHWARZ AG,GERMANY,,,6211,30,Financials,Local standards,,,,,,,,,,,
D:LXSX,LXSG.DE,LANXESS AG,GERMANY,1999,2004,2899,55,Basic Materials,IFRS,69.08,63.48,67.22,75.02,78.39,84.89,85.52,86.67,84.73,85.35,84.52
D:LA2,LA2.D,LATONBA AG,GERMANY,,2019,6799,30,Financials,Local standards,,,,,,,,,,,
D:LRND,LRND.F,LEARND SE,GERMANY,,2021,6726,30,Financials,IFRS,,,,,,,,,,,
D:LEI,LEIG.F,LEIFHEIT AG,GERMANY,1959,,3991,40,Consumer Discretionary,IFRS,,,,,,55.27,54.18,60.42,56.02,57.62,
D:LEIX,LEIG.DE,LEIFHEIT AG,GERMANY,1959,,3991,40,Consumer Discretionary,IFRS,,,,,,55.27,54.18,60.42,56.02,57.62,
D:LEOW,LEOW.F,LEO INTERNATIONAL PRECISION HEALTH AG,GERMANY,1999,,3949,30,Financials,Local standards,,,,,,,,,,,
D:KGR,KGRG.F,LEWAG HOLDING AG,GERMANY,1873,,3559,55,Basic Materials,IFRS,,,,,,,,,,,
D:L03A,L03Ag.MU,,GERMANY,,,,35,Real Estate,,,,,,,,,,,,
D:LHG1,LHG1g.MU,,GERMANY,,,,30,Financials,,,,,,,,,,,,
D:LHG4,LHG4g.MU,,GERMANY,,,,30,Financials,,,,,,,,,,,,
D:TUFX,TUFG.DE,LIBERO FOOTBALL FINANCE AG,GERMANY,,2015,8742,30,Financials,IFRS,,,,,,,,,,,
D:TUF,TUFG.F,LIBERO FOOTBALL FINANCE AG,GERMANY,,2015,8742,30,Financials,IFRS,,,,,,,,,,,
D:LIKX,LIK.DE,LIMES SCHLOSSKLINIKEN AG,GERMANY,,2015,8062,20,Health Care,Local standards,,,,,,,,,,,
D:LIK,LIK.F,LIMES SCHLOSSKLINIKEN AG,GERMANY,,2015,8062,20,Health Care,Local standards,,,,,,,,,,,
D:Y00,Y00.F,LM PAY SA,GERMANY,,2021,6141,30,Financials,IFRS,,,,,,,,,,,
D:IRPA,IRPA.H,,GERMANY,,,,30,Financials,,,,,,,,,,,,
D:TGHNX,TGHN.DE,LOGWIN AG,GERMANY,1985,1992,8742,50,Industrials,IFRS,,,,,,23.28,19.25,22.15,24.39,30.34,29.9
D:LPKX,LPKG.DE,LPKF LASER & ELECTRONICS SE,GERMANY,,,3541,10,Technology,IFRS,,,,,32.97,46.9,61.57,69.2,71.88,60.8,60.09
D:LSX,LSXG.F,LS TELCOM AG,GERMANY,2000,,7373,10,Technology,IFRS,,,,,,,,,,,
D:LSXX,LSXG.DE,LS TELCOM AG,GERMANY,2000,,7373,10,Technology,IFRS,,,,,,,,,,,
D:ECK,ECKG.F,LUDWIG BECK AM RATHAUSECK TEXTILHAUS FELDMEIER AG,GERMANY,1861,,5311,40,Consumer Discretionary,IFRS,,,,,,,,,,,
D:ECKX,ECKG.DE,LUDWIG BECK AM RATHAUSECK TEXTILHAUS FELDMEIER AG,GERMANY,1861,,5311,40,Consumer Discretionary,IFRS,,,,,,,,,,,
D:SZ50,SZ50n.D,LUEBKE KELBER AG,GERMANY,,,6531,30,Financials,,,,,,,,,,,,
D:SZ50X,SZ50n.DE,LUEBKE KELBER AG,GERMANY,,,6531,30,Financials,,,,,,,,,,,,
D:M12X,M12.DE,M1 KLINIKEN AG,GERMANY,,,8011,20,Health Care,IFRS,,,,,,,,,,,
D:MF6,MF6G.SG,MAGFORCE AG,GERMANY,,,8731,10,Technology,,,,,,,,,,,,
D:MNV6,MNVG.F,MAINOVA AG,GERMANY,1828,,4911,65,Utilities,IFRS,,,,,,,,,,,
D:M5Z,M5ZG.F,MANZ AG,GERMANY,,,3559,10,Technology,,,,,,,47.24,43.18,41.24,37.67,,
D:MS1,MS1.F,MARLEY SPOON GROUP SE,GERMANY,,2021,6726,40,Consumer Discretionary,IFRS,,,,,,,,,,,
D:MS1X,MS1.DE,MARLEY SPOON GROUP SE,GERMANY,,2021,6726,40,Consumer Discretionary,IFRS,,,,,,,,,,,
D:MZX,MZXG.F,MASTERFLEX SE,GERMANY,1987,,3052,55,Basic Materials,IFRS,,,,,,,32.21,32.96,29.76,30.26,
D:MZXX,MZXG.DE,MASTERFLEX SE,GERMANY,1987,,3052,55,Basic Materials,IFRS,,,,,,,32.21,32.96,29.76,30.26,
D:MAK,MAKG.F,MATERNUS-KLINIKEN-AG,GERMANY,1996,,8361,20,Health Care,IFRS,,,,,,,,,,,
D:MAKX,MAKG.DE,MATERNUS-KLINIKEN-AG,GERMANY,1996,,8361,20,Health Care,IFRS,,,,,,,,,,,
D:MXHN,MXHNn.F,MAX AUTOMATION SE,GERMANY,1983,2018,3559,50,Industrials,IFRS,,,,,,29.02,26.92,22.14,27.01,27.88,27.27
D:MXHNX,MXHNn.DE,MAX AUTOMATION SE,GERMANY,1983,2018,3559,50,Industrials,IFRS,,,,,,29.02,26.92,22.14,27.01,27.88,27.27
D:MBBX,MBBG.DE,MBB SE,GERMANY,,,8711,30,Financials,IFRS,,,,17.3,16.86,36.87,23.89,36.21,37.77,33.14,
D:M8H0,M8H0.D,MBH CORPORATION PLC,GERMANY,,2016,7389,10,Technology,,,,,,,,,,,,
D:MED,MEDG.F,MEDICLIN AG,GERMANY,1996,,8062,20,Health Care,IFRS,,,,,,31.69,26.59,29.35,30.5,32.9,35.31
D:MEDX,MEDG.DE,MEDICLIN AG,GERMANY,1996,,8062,20,Health Care,IFRS,,,,,,31.69,26.59,29.35,30.5,32.9,35.31
D:MDG1,MDG1k.F,MEDIGENE AG,GERMANY,,1994,8731,20,Health Care,,,,,,,,,,,,
D:MDQ,MDQk.H,,GERMANY,,,,20,Health Care,,,,,,,,,,,,
D:ILM1X,ILM1k.DE,MEDIOS AG,GERMANY,1980,,5122,20,Health Care,IFRS,,,,,,,,,,,
D:EIF,EIFG.F,MEDNATION AG,GERMANY,1970,,8069,20,Health Care,IFRS,,,,,,,,,,,
D:EIFX,EIFG.DE,MEDNATION AG,GERMANY,1970,,8069,20,Health Care,IFRS,,,,,,,,,,,
D:AMI,AMI1.F,MEDONDO HOLDING AG,GERMANY,2003,2003,7372,50,Industrials,Local standards,,,,,,,,,,,
D:MUMX,MUMG.DE,MENSCH UND MASCHINE SOFTWARE SE,GERMANY,1996,,7372,10,Technology,IFRS,,,,,,5.63,8.6,8.67,15.83,15.82,15.29
D:MBGX,MBGn.DE,MERCEDES-BENZ GROUP AG,GERMANY,1998,1998,3711,40,Consumer Discretionary,IFRS,93.03,92.21,90.96,93.62,92.72,93.0,91.43,90.62,89.71,82.42,82.88
D:8888,8888n.D,MERITU AG,GERMANY,,2023,7311,40,Consumer Discretionary,Local standards,,,,,,,,,,,
D:MBK,MBKG.F,MERKUR PRIVATBANK KGAA,GERMANY,1959,,6029,30,Financials,Local standards,,,,,,,,,,,
D:MBKX,MBKG.DE,MERKUR PRIVATBANK KGAA,GERMANY,1959,,6029,30,Financials,Local standards,,,,,,,,,,,
D:WOLF,WOLFG.F,MUEHL PRODUCT & SERVICE AG,GERMANY,1919,1995,5211,50,Industrials,,,,,,,,,,,,
D:WOLFX,WOLFG.DE,MUEHL PRODUCT & SERVICE AG,GERMANY,1919,1995,5211,50,Industrials,,,,,,,,,,,,
D:M3VX,M3VGn.DE,MEVIS MEDICAL SOLUTIONS AG,GERMANY,,,7372,10,Technology,Local standards,,,,,,,,,,,
D:M3V,M3VGn.F,MEVIS MEDICAL SOLUTIONS AG,GERMANY,,,7372,10,Technology,Local standards,,,,,,,,,,,
D:CDZ0,CDZ0.F,MHP HOTEL AG,GERMANY,,,6799,40,Consumer Discretionary,Local standards,,,,,,,,,,,
D:CDZ0X,CDZ0.DE,MHP HOTEL AG,GERMANY,,,6799,40,Consumer Discretionary,Local standards,,,,,,,,,,,
D:ML2,ML2G.F,MING LE SPORTS AG,GERMANY,,,3143,40,Consumer Discretionary,Local standards,,,,,,,,,,,
D:MRX,MRXG.F,MISTER SPEX SE,GERMANY,,2007,5995,40,Consumer Discretionary,IFRS,,,,,,,,,,,
D:MRXX,MRXG.DE,MISTER SPEX SE,GERMANY,,2007,5995,40,Consumer Discretionary,IFRS,,,,,,,,,,,
D:MLPX,MLPG.DE,MLP SE,GERMANY,1970,1984,6282,30,Financials,IFRS,40.55,28.28,42.39,43.81,50.19,54.73,61.27,52.64,59.06,57.19,59.97
D:MUT,MUTG.F,MINERALBRUNNEN UEBERKINGEN-TEINACH GMBH & CO KGAA,GERMANY,1923,,5149,45,Consumer Staples,Local standards,,,,,,,,,,,
D:MBQ,MBQGn.F,MOBOTIX AG,GERMANY,,,3577,50,Industrials,Local standards,,,,,,,,,,,
D:MBQX,MBQGn.DE,MOBOTIX AG,GERMANY,,,3577,50,Industrials,Local standards,,,,,,,,,,,
D:ECFX,ECF1.DE,MOUNTAIN ALLIANCE AG,GERMANY,,,5961,40,Consumer Discretionary,Local standards,,,,,,,,,,,
D:MPCKX,MPCKk.DE,MPC - MUENCHMEYER PETERSEN CAPITAL AG,GERMANY,1994,,6282,30,Financials,Local standards,,,,,,,,,,,
D:MPCK,MPCKk.F,MPC - MUENCHMEYER PETERSEN CAPITAL AG,GERMANY,1994,,6282,30,Financials,Local standards,,,,,,,,,,,
D:93M1,93M1k.F,MPH HEALTH CARE AG,GERMANY,2008,2008,2833,30,Financials,IFRS,,,,,,,,,,,
D:93M1X,93M1k.DE,MPH HEALTH CARE AG,GERMANY,2008,2008,2833,30,Financials,IFRS,,,,,,,,,,,
D:MSAG,MSAG.F,MS INDUSTRIE AG,GERMANY,1991,,3714,50,Industrials,Local standards,,,,,,,,,,,
D:MSAGX,MSAG.DE,MS INDUSTRIE AG,GERMANY,1991,,3714,50,Industrials,Local standards,,,,,,,,,,,
D:MSGL,MSGL.H,MSG LIFE AG,GERMANY,,,7372,10,Technology,Local standards,,,,,,14.51,14.88,35.17,32.2,30.33,
D:MTXX,MTXGn.DE,MTU AERO ENGINES AG,GERMANY,,,3724,50,Industrials,IFRS,73.87,78.11,75.77,81.17,82.26,86.59,85.36,82.04,88.24,84.23,82.02
D:MUBX,MUBG.DE,MUEHLBAUER HOLDING AG,GERMANY,1998,,3559,10,Technology,Local standards,,,,,,,,,,,
D:MLLX,MLLG.DE,MUELLER DIE LILA LOGISTIK SE,GERMANY,1975,,4212,50,Industrials,IFRS,,,,,,,,,,,
D:MLL,MLLG.F,MUELLER DIE LILA LOGISTIK SE,GERMANY,1975,,4212,50,Industrials,IFRS,,,,,,,,,,,
D:MTP,MTPG.MU,MUENCHENER TIERPARK HELLABRUNN,GERMANY,1929,,8422,40,Consumer Discretionary,Local standards,,,,,,,,,,,
D:6MP,MUSGn.D,MURPHY & SPITZ GREEN CAPITAL AG,GERMANY,,,6799,30,Financials,Local standards,,,,,,,,,,,
D:MUXX,MUXG.DE,MUTARES SE & CO KGAA,GERMANY,,2019,3714,30,Financials,IFRS,,,,,,26.53,28.88,27.06,26.3,37.26,
D:C1V0,C1V0k.F,MVISE AG,GERMANY,,,7373,10,Technology,Local standards,,,,,,,,,,,
D:C1V0X,C1V0k.DE,MVISE AG,GERMANY,,,7373,10,Technology,Local standards,,,,,,,,,,,
D:MVV1X,MVVGn.DE,MVV ENERGIE AG,GERMANY,1974,2005,4911,65,Utilities,IFRS,46.31,42.27,46.84,53.81,50.72,48.5,43.0,49.14,50.64,44.23,42.12
O:MWBA,MWB.VI,,GERMANY,,,,40,Consumer Discretionary,,,,,,,,,,,,
D:MWB0X,MWB0n.DE,MWB FAIRTRADE WERTPAPIERHANDELSBANK AG,GERMANY,,,6211,30,Financials,Local standards,,,,,,,,,,,
D:MWB0,MWB0n.F,MWB FAIRTRADE WERTPAPIERHANDELSBANK AG,GERMANY,,,6211,30,Financials,Local standards,,,,,,,,,,,
D:MBC,MBCG.SG,MYBUCKS SA,GERMANY,,2015,6726,30,Financials,,,,,,,,,,,,
D:NAB,NABG.H,NABAG AG,GERMANY,,1990,6289,30,Financials,Local standards,,,,,,,,,,,
D:NTG,NTGG.F,NABALTEC AG,GERMANY,,,2819,55,Basic Materials,IFRS,,,,,,19.87,20.7,21.71,20.12,17.97,
D:NTGX,NTGG.DE,NABALTEC AG,GERMANY,,,2819,55,Basic Materials,IFRS,,,,,,19.87,20.7,21.71,20.12,17.97,
D:NA9X,NA9n.DE,NAGARRO SE,GERMANY,,,7371,10,Technology,IFRS,,,,,,29.88,32.82,34.86,36.74,43.64,
D:NAK,NAKG.H,,GERMANY,,,,40,Consumer Discretionary,,,,,,,,,,,,
D:WDL1,WDL1k.F,NAKIKI SE,GERMANY,,,5999,40,Consumer Discretionary,,,,,,,,,,,,
D:WDL1X,WDL1k.DE,NAKIKI SE,GERMANY,,,5999,40,Consumer Discretionary,,,,,,,,,,,,
D:NN6,NN6G.F,NANOREPRO AG,GERMANY,,,2835,20,Health Care,Local standards,,,,,,,,,,,
D:NN6X,NN6G.DE,NANOREPRO AG,GERMANY,,,2835,20,Health Care,Local standards,,,,,,,,,,,
D:NUQA,NUQA.MU,NAVSTONE SE,GERMANY,,,6289,30,Financials,,,,,,,,,,,,
D:286,286n.F,NCTE AG,GERMANY,,2006,3823,50,Industrials,,,,,,,,,,,,
D:NHB0,NHB0n.MU,NEBELHORNBAHN-AG,GERMANY,,,4111,40,Consumer Discretionary,Local standards,,,,,,,,,,,
D:VRL,VRL.D,NET DIGITAL AG,GERMANY,,,7372,10,Technology,Local standards,,,,,,,,,,,
D:VRLX,VRL.DE,NET DIGITAL AG,GERMANY,,,7372,10,Technology,Local standards,,,,,,,,,,,
D:NF4,NF4.F,NETFONDS AG,GERMANY,,,6282,30,Financials,Local standards,,,,,,,,,,,
D:NF4X,NF4.DE,NETFONDS AG,GERMANY,,,6282,30,Financials,Local standards,,,,,,,,,,,
D:SPN,SPNG.MU,NEUHOF TEXTIL-HOLDING AG,GERMANY,1896,,2281,40,Consumer Discretionary,,,,,,,,,,,,
D:NXR,NXRG.F,NEXR TECHNOLOGIES SE,GERMANY,,2011,7371,40,Consumer Discretionary,,,,,,,,,,,,
NEXS,NEXSN.L,NEXUS INFRASTRUCTURE PLC,GERMANY,,2005,6552,50,Industrials,Local standards,,,,,,14.76,18.17,20.51,16.04,19.68,21.11
D:NFN,NFN.F,NFON AG,GERMANY,,,4899,15,Telecommunications,IFRS,,,,,,,,,,,
D:NFNX,NFN.DE,NFON AG,GERMANY,,,4899,15,Telecommunications,IFRS,,,,,,,,,,,
D:NIIN,NIIGn.H,NIIIO FINANCE GROUP AG,GERMANY,,,7371,40,Consumer Discretionary,,,,,,,,,,,,
D:NUVA,NUVG.F,NORATIS AG,GERMANY,,,1531,15,Telecommunications,IFRS,,,,,,,,,,,
D:NC5A,NC5Ak.F,NORCOM INFORMATION TECHNOLOGY GMBH & CO KGAA,GERMANY,1989,,7371,10,Technology,IFRS,,,,,,,,,,,
D:NC5AX,NC5Ak.DE,NORCOM INFORMATION TECHNOLOGY GMBH & CO KGAA,GERMANY,1989,,7371,10,Technology,IFRS,,,,,,,,,,,
D:NDX1X,NDXG.DE,NORDEX SE,GERMANY,2000,2010,3511,60,Energy,IFRS,,,,49.27,51.35,72.22,76.03,76.73,77.24,78.89,78.61
D:NWX,NWXG.F,NORDWEST HANDEL AG,GERMANY,1919,2016,5051,50,Industrials,IFRS,,,,,,,,,,,
D:NOEJX,NOEJ.DE,NORMA GROUP SE,GERMANY,,,3452,50,Industrials,IFRS,,,,74.75,80.67,82.91,80.9,81.06,76.11,69.31,66.82
D:NB2X,NB2.DE,NORTHERN DATA AG,GERMANY,,,7373,10,Technology,IFRS,,,,,,,,,,,
D:NVM,NVM.F,NOVEM GROUP SA,GERMANY,,2011,2396,40,Consumer Discretionary,IFRS,,,,,,,,,,,
D:NVMX,NVM.DE,NOVEM GROUP SA,GERMANY,,2011,2396,40,Consumer Discretionary,IFRS,,,,,,,,,,,
D:5NB,5NB.D,NOVETUM AG,GERMANY,,,6159,30,Financials,Local standards,,,,,,,,,,,
D:NUC,NUCG.SG,NUCLETRON ELECTRONIC AG,GERMANY,1954,1985,3625,50,Industrials,Local standards,,,,,,,,,,,
D:NBG6X,NLVGn.DE,NUERNBERGER BETEILIGUNGS AG,GERMANY,1884,2002,6311,30,Financials,Local standards,,,,,,,,,,,
D:M7U,M7UG.F,NYNOMIC AG,GERMANY,,,3826,50,Industrials,IFRS,,,,,,,,,,,
D:M7UX,M7UG.DE,NYNOMIC AG,GERMANY,,,3826,50,Industrials,IFRS,,,,,,,,,,,
D:OAB0,OAB0.H,OAB AG,GERMANY,,,6799,35,Real Estate,,,,,,,,,,,,
D:KVO,KVOG.MU,OBERSTDORFER BERGBAHN AG,GERMANY,1950,,7999,40,Consumer Discretionary,Local standards,,,,,,,,,,,
D:OHBX,OHBG.DE,OHB SE,GERMANY,1993,,3812,15,Telecommunications,IFRS,,,,31.7,27.3,35.22,40.96,38.59,40.11,36.47,
D:L39,L39.D,,GERMANY,,,,30,Financials,,,,,,,,,,,,
D:OBS,OBS.F,ORBIS SE,GERMANY,1986,,7373,10,Technology,IFRS,,,,,,,,,,,
D:OBSX,OBS.DE,ORBIS SE,GERMANY,1986,,7373,10,Technology,IFRS,,,,,,,,,,,
D:OBCKX,OBCK.DE,OTTOBOCK SE & CO KGAA,GERMANY,,2018,3842,20,Health Care,IFRS,,,,,,,,,,,
D:O4BX,O4BG.DE,OVB HOLDING AG,GERMANY,,,6282,30,Financials,IFRS,,,,,,,53.26,48.34,50.12,54.4,53.4
D:PA8,PA8.F,PAION AG,GERMANY,2004,,2834,20,Health Care,,,,,,,,,,,,
D:PAL,PALG.F,PAL NEXT AG,GERMANY,,,7822,40,Consumer Discretionary,Local standards,,,,,,,,,,,
D:PALX,PALG.DE,PAL NEXT AG,GERMANY,,,7822,40,Consumer Discretionary,Local standards,,,,,,,,,,,
D:PGN,PGNG.F,PARAGON GMBH & CO KGAA,GERMANY,1988,2018,3714,50,Industrials,IFRS,,,,,23.06,26.64,20.19,8.91,10.49,7.63,
D:PGNX,PGNG.DE,PARAGON GMBH & CO KGAA,GERMANY,1988,2018,3714,50,Industrials,IFRS,,,,,23.06,26.64,20.19,8.91,10.49,7.63,
D:PKB,PKBG.F,PARK & BELLHEIMER AG,GERMANY,1888,,2082,45,Consumer Staples,IFRS,,,,,,,,,,,
D:JY0,JY0n.H,PARTEC AG,GERMANY,,2004,3571,30,Financials,,,,,,,,,,,,
D:PTHH,PTHH.F,PATH2 HYDROGEN AG,GERMANY,,,6799,40,Consumer Discretionary,,,,,,,,,,,,
D:PTHHX,PTHH.DE,PATH2 HYDROGEN AG,GERMANY,,,6799,40,Consumer Discretionary,,,,,,,,,,,,
D:PATX,PATGn.DE,PATRIZIA SE,GERMANY,,,6512,35,Real Estate,IFRS,,,,34.14,41.52,53.75,60.6,58.56,59.79,59.23,59.19
D:02P,PGAG.F,PEARL GOLD AG,GERMANY,,2008,1041,55,Basic Materials,Local standards,,,,,,,,,,,
D:PEH,PEHG.F,PEH WERTPAPIER AG,GERMANY,1989,,6282,30,Financials,IFRS,,,,,,,,,,,
D:PTPX,PTPn.DE,PENTIXAPHARM HOLDING AG,GERMANY,,1970,2834,20,Health Care,IFRS,,,,,,,,,,,
D:PTP,PTPn.F,PENTIXAPHARM HOLDING AG,GERMANY,,1970,2834,20,Health Care,IFRS,,,,,,,,,,,
N:PEEP,PNOR.OL,PETRONOR E&P ASA,GERMANY,,2021,1311,60,Energy,IFRS,,,,,,,,,,,
D:PFVX,PV.DE,PFEIFFER VACUUM TECHNOLOGY AG,GERMANY,1890,1956,3563,50,Industrials,IFRS,,,,17.49,35.32,44.62,53.82,56.08,52.44,58.56,
D:EMH,EMHn.F,PFERDEWETTEN DE AG,GERMANY,1998,,7999,10,Technology,,,,,,,,,,,,
D:EMHX,EMHn.DE,PFERDEWETTEN DE AG,GERMANY,1998,,7999,10,Technology,,,,,,,,,,,,
D:PFSEX,PFSE.DE,PFISTERER HOLDING SE,GERMANY,,2023,3357,50,Industrials,IFRS,,,,,,,,,,,
D:Y59,Y59.D,,GERMANY,,,,20,Health Care,,,,,,,,,,,,
D:PH6,PH6.D,PHILION SE,GERMANY,,2018,4813,40,Consumer Discretionary,,,,,,,,,,,,
D:PS4,PS4G.H,PHOENIX SOLAR AG,GERMANY,,,3674,60,Energy,,,,,,,,,,,,
D:FDD,FDD.H,PILKINGTON DEUTSCHLAND AG,GERMANY,1899,,3211,35,Real Estate,Local standards,,,,,,,,,,,
D:PIT,PITG.F,PITTLER MASCHINENFABRIK AG,GERMANY,1895,,3545,50,Industrials,IFRS,,,,,,,,,,,
D:P4O,P4OG.F,PLAN OPTIK AG,GERMANY,,,3674,10,Technology,Local standards,,,,,,,,,,,
D:P4OX,P4OG.DE,PLAN OPTIK AG,GERMANY,,,3674,10,Technology,Local standards,,,,,,,,,,,
D:VEZ,VEZ.F,PLANETHIC GROUP AG,GERMANY,,2019,2099,45,Consumer Staples,Local standards,,,,,,,,,,,
D:VEZX,VEZ.DE,PLANETHIC GROUP AG,GERMANY,,2019,2099,45,Consumer Staples,Local standards,,,,,,,,,,,
D:TPG0,TPG0n.F,PLATFORM GROUP SE & CO KGAA,GERMANY,,,7375,40,Consumer Discretionary,IFRS,,,,,,,,,,,
D:PLEK,PLEKk.F,PLENUM AG,GERMANY,1986,,8742,10,Technology,Local standards,,,,,,,,,,,
D:PNE3X,PNEGn.DE,PNE AG,GERMANY,,,3511,65,Utilities,IFRS,,,,,27.46,24.77,28.65,28.65,28.96,37.98,35.95
D:PO1,PO1n.F,POB AG,GERMANY,,2009,7374,10,Technology,Local standards,,,,,,,,,,,
D:PO1X,PO1n.DE,POB AG,GERMANY,,2009,7374,10,Technology,Local standards,,,,,,,,,,,
D:PAG,PAGn.MU,PREOS GLOBAL OFFICE REAL ESTATE & TECHNOLOGY AG,GERMANY,,,6512,35,Real Estate,,,,,,,,,,,,
D:LSNA,LSNA.MU,PRIVATE ASSETS SE & CO KGAA,GERMANY,,,6282,30,Financials,,,,,,,,,,,,
D:PDA0,PDA0k.F,PRO DV AG,GERMANY,1979,,7373,10,Technology,Local standards,,,,,,,,,,,
D:PDA0X,PDA0k.DE,PRO DV AG,GERMANY,1979,,7373,10,Technology,Local standards,,,,,,,,,,,
D:PCZX,PCZ.DE,PROCREDIT HOLDING AG,GERMANY,,,6029,30,Financials,IFRS,,,,,50.58,27.16,66.77,69.48,68.58,60.55,58.98
D:PSMX,PSMGn.DE,PROSIEBENSAT 1 MEDIA SE,GERMANY,,,4833,40,Consumer Discretionary,IFRS,55.9,59.25,68.35,70.06,72.44,73.8,72.14,73.04,71.89,72.43,73.17
D:PSANX,PSAGn.DE,PSI SOFTWARE SE,GERMANY,1969,1998,7372,10,Technology,IFRS,,,,,20.7,37.6,38.1,38.47,31.65,31.09,
D:PBY,PBYG.SG,PUBLITY AG,GERMANY,,,6282,35,Real Estate,,,,,,,,,,,,
D:PUMX,PUMG.DE,PUMA SE,GERMANY,1924,2011,3149,40,Consumer Discretionary,IFRS,74.53,72.93,72.15,70.6,78.27,78.3,82.4,82.35,85.87,86.0,83.6
D:TPEX,TPEG.DE,PVA TEPLA AG,GERMANY,,,3559,10,Technology,IFRS,,,,,,30.27,28.71,32.78,47.94,45.13,44.6
D:PWO,PWO.F,PWO AG,GERMANY,1919,,2396,55,Basic Materials,IFRS,,,,,,42.89,48.57,46.68,49.33,42.94,40.75
D:PWOX,PWO.DE,PWO AG,GERMANY,1919,,2396,55,Basic Materials,IFRS,,,,,,42.89,48.57,46.68,49.33,42.94,40.75
D:M3B0,M3B0k.F,PYRAMID AG,GERMANY,,,7372,10,Technology,Local standards,,,,,,,,,,,
D:QBY0,QBY0k.F,QBEYOND AG,GERMANY,1997,1997,7373,10,Technology,IFRS,,,,,,66.05,64.97,60.18,69.3,66.15,66.84
D:QBY0X,QBY0k.DE,QBEYOND AG,GERMANY,1997,1997,7373,10,Technology,IFRS,,,,,,66.05,64.97,60.18,69.3,66.15,66.84
D:QS6A,QS6A.SG,Q-SOFT VERWALTUNGS AG,GERMANY,1990,,7373,10,Technology,Local standards,,,,,,,,,,,
D:QBI,QBIG.H,Q2M MANAGEMENTBERATUNG AG,GERMANY,,2017,8742,20,Health Care,Local standards,,,,,,,,,,,
D:QIAX,QIA.DE,QIAGEN N.V.,GERMANY,,1996,2836,20,Health Care,US standards (GAAP),66.29,61.66,73.43,76.33,80.26,85.19,79.77,84.95,83.73,81.96,83.66
D:QB7,QB7G.F,QUIRIN PRIVATBANK AG,GERMANY,1998,,6029,30,Financials,Local standards,,,,,,,,,,,
D:QB7X,QB7G.DE,QUIRIN PRIVATBANK AG,GERMANY,1998,,6029,30,Financials,Local standards,,,,,,,,,,,
D:RSL2,RSL2.F,R. STAHL AG,GERMANY,1876,,3613,50,Industrials,IFRS,,,,,,32.11,29.02,27.93,31.7,47.94,
D:RSL2X,RSL2.DE,R. STAHL AG,GERMANY,1876,,3613,50,Industrials,IFRS,,,,,,32.11,29.02,27.93,31.7,47.94,
F:RAPN,ALRPD.PA,RAPID NUTRITION PLC,GERMANY,,2012,2833,45,Consumer Staples,IFRS,,,,,,9.34,12.35,13.58,14.63,12.2,
D:RAAX,RAAG.DE,RATIONAL AG,GERMANY,1973,1999,3556,40,Consumer Discretionary,IFRS,,,41.08,44.17,46.14,50.97,51.77,52.38,48.9,41.63,40.82
D:RCMN,RCMN.F,RCM BETEILIGUNGS AKTIENGESELLSCHAFT,GERMANY,,,6513,35,Real Estate,Local standards,,,,,,,,,,,
D:RCMNX,RCMN.DE,RCM BETEILIGUNGS AKTIENGESELLSCHAFT,GERMANY,,,6513,35,Real Estate,Local standards,,,,,,,,,,,
D:EXJ0,EXJ0k.F,READCREST CAPITAL AG,GERMANY,1993,,7389,40,Consumer Discretionary,Local standards,,,,,,,,,,,
D:RTC,RTCG.F,REALTECH AG,GERMANY,,,7373,10,Technology,IFRS,,,,,,,,,,,
D:RTCX,RTCG.DE,REALTECH AG,GERMANY,,,7373,10,Technology,IFRS,,,,,,,,,,,
D:RDCX,RDC.DE,REDCARE PHARMACY NV,GERMANY,,,5912,45,Consumer Staples,IFRS,,,,23.32,32.58,40.74,46.18,50.33,51.46,68.26,65.03
D:EKK1,EKK1.D,REEDEREI HERBERT EKKENGA PASSAGIERSCHIFFAHRT AG,GERMANY,1987,,4489,50,Industrials,,,,,,,,,,,,
D:RGB,RGBG.F,REGENBOGEN AG,GERMANY,1989,,7032,40,Consumer Discretionary,Local standards,,,,,,,,,,,
D:R3NKX,R3NK.DE,RENK GROUP AG,GERMANY,,2020,3694,50,Industrials,IFRS,,,,,,,,,43.71,51.54,55.17
D:RMO,RMOG.D,RM RHEINER MANAGEMENT AG,GERMANY,,,6799,30,Financials,Local standards,,,,,,,,,,,
D:RLV,RLVG.D,RHEINLAND HOLDING AG,GERMANY,1980,,6311,30,Financials,Local standards,,,,,5.33,6.76,6.45,4.94,5.03,4.63,
D:RHMX,RHMG.DE,RHEINMETALL AG,GERMANY,1889,2001,3714,50,Industrials,IFRS,45.66,43.89,40.03,42.53,70.8,77.7,77.26,85.61,84.37,86.85,
D:RHKX,RHKG.DE,RHOEN KLINIKUM AG,GERMANY,1971,1988,8069,20,Health Care,IFRS,32.81,26.73,31.65,35.02,33.31,34.49,38.06,39.48,38.56,38.48,40.49
D:RUC0,RUC0k.H,RIM AG,GERMANY,,,6513,55,Basic Materials,,,,,,,,,,,,
D:HP3A,HP3An.F,RINGMETALL SE,GERMANY,,,3452,30,Financials,IFRS,,,,,,10.31,10.5,22.38,22.01,19.54,
D:HP3AX,HP3An.DE,RINGMETALL SE,GERMANY,,,3452,30,Financials,IFRS,,,,,,10.31,10.5,22.38,22.01,19.54,
D:QOU,QOUG.H,AQUATIS SOLUTIONS AG,GERMANY,,,6282,35,Real Estate,,,,,,,,,,,,
D:R2E0,R2E0k.D,RIXX INVEST AG,GERMANY,,,6799,35,Real Estate,Local standards,,,,,,,,,,,
D:3330,3330k.F,ROSTRA AG,GERMANY,,,6799,30,Financials,Local standards,,,,,,,,,,,
D:3330X,3330k.DE,ROSTRA AG,GERMANY,,,6799,30,Financials,Local standards,,,,,,,,,,,
D:RY8,RY8.F,ROY ASSET HOLDING SE,GERMANY,,2014,6513,40,Consumer Discretionary,,,,,,,,,,,,
D:R1B,R1B.F,RUBEAN AG,GERMANY,,,7372,10,Technology,Local standards,,,,,,,,,,,
D:R1BX,R1B.DE,RUBEAN AG,GERMANY,,,7372,10,Technology,Local standards,,,,,,,,,,,
D:RWEX,RWEG.DE,RWE AG,GERMANY,1898,1898,4911,65,Utilities,IFRS,70.92,72.22,71.56,68.71,66.25,69.3,70.25,64.18,65.64,60.75,58.0
D:SFQX,SFQ.DE,SAF-HOLLAND SE,GERMANY,,,3711,40,Consumer Discretionary,IFRS,,,,58.85,57.21,61.55,60.37,59.88,54.88,49.48,48.25
D:SZGX,SZGG.DE,SALZGITTER AG,GERMANY,1858,2005,3312,55,Basic Materials,IFRS,27.54,35.66,54.44,57.32,60.08,62.27,62.66,62.3,65.42,63.27,62.87
D:SRAGX,SRAG.DE,SAMARA ASSET GROUP PLC,GERMANY,,,6282,30,Financials,IFRS,,,,,,,,,,,
D:SAPX,SAPG.DE,SAP SE,GERMANY,1972,2014,7372,10,Technology,IFRS,90.55,91.56,93.67,93.47,94.2,94.49,93.79,89.77,88.39,86.99,86.59
D:SRTX,SATG.DE,SARTORIUS AG,GERMANY,1870,1990,3826,20,Health Care,IFRS,58.02,66.7,68.6,73.62,74.88,78.99,81.02,83.73,79.01,81.86,79.47
D:CY1K,CY1k.F,SBF AG,GERMANY,,2016,3648,50,Industrials,Local standards,,,,,,,,,,,
D:SHA0X,SHA0n.DE,SCHAEFFLER AG,GERMANY,,2014,3714,40,Consumer Discretionary,IFRS,37.37,42.92,47.56,60.66,64.47,74.74,73.41,75.54,73.62,65.53,67.65
D:PZS,PZSG.F,SCHERZER & CO. AG,GERMANY,,,6799,30,Financials,Local standards,,,,,,,,,,,
D:PZSX,PZSG.DE,SCHERZER & CO. AG,GERMANY,,,6799,30,Financials,Local standards,,,,,,,,,,,
D:SWA,SWAG.F,SCHLOSS WACHENHEIM AG,GERMANY,1888,,2084,45,Consumer Staples,IFRS,,,,,,,,,,,
D:SWAX,SWAG.DE,SCHLOSS WACHENHEIM AG,GERMANY,1888,,2084,45,Consumer Staples,IFRS,,,,,,,,,,,
D:SHB3,SHB3.D,SCHNIGGE CAPITAL MARKETS SE,GERMANY,1998,,6211,30,Financials,Local standards,,,,,,,,,,,
D:1SXPX,1SXP.DE,SCHOTT PHARMA AG & CO KGAA,GERMANY,,2022,3841,20,Health Care,IFRS,,,,,,,,,66.02,65.55,67.27
D:SSS,SSSG.D,SCHULTE SCHLAGBAUM AG,GERMANY,1833,,3499,50,Industrials,Local standards,,,,,,,,,,,
D:SCM,SCMG.D,SCHUMAG AG,GERMANY,,,3451,20,Health Care,,,,,,,,,,,,
D:SBV,SBVG.SG,SCHWABENVERLAG AG,GERMANY,1848,,7375,40,Consumer Discretionary,Local standards,,,,,,,,,,,
D:SMB,SMBG.F,SCHWAELBCHEN MOLKEREI JAKOB BERZ AG,GERMANY,1938,,2026,45,Consumer Staples,Local standards,,,,,,,,,,,
D:SCEX,SWEGn.DE,SCHWEIZER ELECTRONIC AG,GERMANY,1849,,3672,10,Technology,IFRS,,,,,,27.32,26.79,32.95,32.45,37.94,
D:SCE,SWEGn.F,SCHWEIZER ELECTRONIC AG,GERMANY,1849,,3672,10,Technology,IFRS,,,,,,27.32,26.79,32.95,32.45,37.94,
D:SCI,SCIG.H,SCI AG,GERMANY,,,6799,30,Financials,,,,,,,,,,,,
D:G24X,G24n.DE,SCOUT24 SE,GERMANY,,,7375,10,Technology,IFRS,,31.84,42.65,56.95,56.56,70.58,70.57,64.01,65.87,66.79,64.49
D:75S,75Sn.F,SDM SE,GERMANY,,2020,7381,55,Basic Materials,Local standards,,,,,,,,,,,
D:YSNX,YSNG.DE,SECUNET SECURITY NETWORKS AG,GERMANY,1996,,7372,10,Technology,IFRS,,,,,,38.28,45.89,49.43,51.03,48.25,
D:M14K,M14K.MU,SECURIZE IT SOLUTIONS AG,GERMANY,,2013,7371,30,Financials,Local standards,,,,,,,,,,,
D:1SK,1SKG.MU,SEKTKELLEREI JOPPMANN AG,GERMANY,,2009,2084,45,Consumer Staples,Local standards,,,,,,,,,,,
D:SJJ,SJJG.F,SERVICEWARE SE,GERMANY,,1998,7372,10,Technology,IFRS,,,,,,13.06,15.08,16.65,16.72,17.46,16.66
D:SJJX,SJJG.DE,SERVICEWARE SE,GERMANY,,1998,7372,10,Technology,IFRS,,,,,,13.06,15.08,16.65,16.72,17.46,16.66
D:T3T1,T3T1k.F,SEVEN PRINCIPLES AG,GERMANY,,,7371,10,Technology,Local standards,,,,,,,,,,,
D:T3T1X,T3T1k.DE,SEVEN PRINCIPLES AG,GERMANY,,,7371,10,Technology,Local standards,,,,,,,,,,,
D:F3CX,F3CG.DE,SFC ENERGY AG,GERMANY,,,3674,60,Energy,IFRS,,,,,,,22.6,18.9,24.76,26.8,22.32
D:SGLX,SGCG.DE,SGL CARBON SE,GERMANY,1966,2009,3624,55,Basic Materials,IFRS,53.96,57.62,61.57,68.9,69.92,70.29,70.0,70.52,69.82,73.45,72.14
D:SVEX,SHVA.DE,SHAREHOLDERS VALUE BETEILIGUNG,GERMANY,,2000,6799,30,Financials,Local standards,,,,,,,,,,,
D:SVE,SHVA.F,SHAREHOLDERS VALUE BETEILIGUNG,GERMANY,,2000,6799,30,Financials,Local standards,,,,,,,,,,,
D:SW10,SW10n.H,SHW AG,GERMANY,1921,1921,3714,30,Financials,IFRS,,,,,,12.3,10.69,11.82,20.18,18.75,
D:SHLX,SHLG.DE,SIEMENS HEALTHINEERS AG,GERMANY,,,3845,20,Health Care,IFRS,,,,75.61,77.18,75.03,76.12,77.05,71.27,64.54,65.75
D:ENRX,ENR1n.DE,SIEMENS ENERGY AG,GERMANY,,,3511,60,Energy,IFRS,,,,,,77.61,73.33,77.84,75.91,71.59,66.88
D:WAFX,WAFGn.DE,SILTRONIC AG,GERMANY,,2004,3674,10,Technology,IFRS,,,46.3,45.47,55.59,61.83,57.11,55.02,57.65,61.89,63.7
D:SNG,SNGGk.F,SINGULUS TECHNOLOGIES AG,GERMANY,,,3559,50,Industrials,IFRS,,,,,,,,,,,
D:SNGX,SNGGk.DE,SINGULUS TECHNOLOGIES AG,GERMANY,,,3559,50,Industrials,IFRS,,,,,,,,,,,
D:XTPX,XTPG.DE,SINO AG,GERMANY,,,6211,30,Financials,Local standards,,,,,,,,,,,
D:SGU,SGUG.F,SINO GERMAN UNITED AG,GERMANY,1983,,5181,30,Financials,Local standards,,,,,,,,,,,
D:SIX2X,SIXG.DE,SIXT SE,GERMANY,1979,2013,7514,40,Consumer Discretionary,IFRS,,,11.55,29.66,29.49,33.76,34.82,52.27,57.18,61.79,60.54
D:NEP,NEPG.H,SLOMAN NEPTUN SCHIFFAHRTS-AG,GERMANY,1873,,4412,50,Industrials,Local standards,,,,,,,,,,,
D:SMWN,SMWN.F,SM WIRTSCHAFTSBERATUNGS AG,GERMANY,1996,,6531,30,Financials,Local standards,,,,,,,,,,,
D:SMWNX,SMWN.DE,SM WIRTSCHAFTSBERATUNGS AG,GERMANY,1996,,6531,30,Financials,Local standards,,,,,,,,,,,
D:S92X,S92G.DE,SMA SOLAR TECHNOLOGY AG,GERMANY,,,3674,60,Energy,IFRS,,,,66.35,63.21,64.09,70.02,73.36,71.74,64.86,
D:SE3,SE3G.H,SMART EQUITY AG,GERMANY,,2016,7371,30,Financials,Local standards,,,,,,,,,,,
D:BGZ,BGZG.H,SMART GRIDS AG,GERMANY,,,1623,30,Financials,,,,,,,,,,,,
D:SB1X,SB1G.DE,SMARTBROKER HOLDING AG,GERMANY,,,7375,30,Financials,Local standards,,,,,,,,,,,
D:RCVR,RCVR.F,SMG HOSPITALITY SE,GERMANY,,2021,6726,30,Financials,IFRS,,,,,,,,,,,
D:S188,S188n.F,SMT SCHARF AG,GERMANY,,,3532,50,Industrials,IFRS,,,,,,,,,,,
D:S188X,S188n.DE,SMT SCHARF AG,GERMANY,,,3532,50,Industrials,IFRS,,,,,,,,,,,
D:SHFX,SHFG.DE,SNP SCHNEIDER-NEUREITHER & PARTNER SE,GERMANY,1994,,7372,10,Technology,IFRS,,,,,,30.81,39.9,36.38,53.73,59.76,54.07
D:SYT,SYTG.F,SOFTING AG,GERMANY,,1997,3679,10,Technology,IFRS,,,,,,,,,,,
D:SYTX,SYTG.DE,SOFTING AG,GERMANY,,1997,3679,10,Technology,IFRS,,,,,,,,,,,
D:SLSA,SLSAn.F,SOLUTIANCE AG,GERMANY,1997,,7372,10,Technology,,,,,,,,,,,,
D:SLSAX,SLSAn.DE,SOLUTIANCE AG,GERMANY,1997,,7372,10,Technology,,,,,,,,,,,,
D:033A,033A.D,SPAC FOUR AG,GERMANY,,2022,8742,30,Financials,Local standards,,,,,,,,,,,
D:S6P,S6P.MU,SPIELVEREINIGUNG UNTERHACHING FUSSBALL GMBH & CO KGAA,GERMANY,,,7941,40,Consumer Discretionary,IFRS,,,,,,,,,,,
D:SPM,SPME.H,SPLENDID MEDIEN AG,GERMANY,1974,,7822,60,Energy,Local standards,,,,,,,,,,,
D:WIG1,WIGGk.F,SPORTTOTAL AG,GERMANY,1979,,7812,40,Consumer Discretionary,,,,,,,,,,,,
D:SPGX,SPGG.DE,SPRINGER NATURE AG & CO KGAA,GERMANY,,2018,7375,40,Consumer Discretionary,IFRS,,,,,,,,,,,
D:IPOK,IPOk.F,SQD.AI STRATEGIES AG,GERMANY,,,7372,30,Financials,Local standards,,,,,,,,,,,
D:IPOKX,IPOk.DE,SQD.AI STRATEGIES AG,GERMANY,,,7372,30,Financials,Local standards,,,,,,,,,,,
D:STMX,STM1.DE,STABILUS SE,GERMANY,,2010,3493,50,Industrials,IFRS,,,,40.37,45.76,56.34,56.8,58.55,61.05,59.03,59.55
@STWI,STWI.PK,,GERMANY,,,,,,,,,,,,,,,,,
D:SPC,SPC1.F,STAIGE ONE AG,GERMANY,,2021,6282,30,Financials,Local standards,,,,,,,,,,,
D:SPCX,SPC1.DE,STAIGE ONE AG,GERMANY,,2021,6282,30,Financials,Local standards,,,,,,,,,,,
D:ST5X,ST5G.DE,STEICO AG,GERMANY,,,2493,50,Industrials,Local standards,,,,,,24.37,23.39,29.57,12.94,12.95,
D:BOG,BOGn.F,STOCK3 AG,GERMANY,,2007,7371,10,Technology,Local standards,,,,,,,,,,,
D:BOGX,BOGn.DE,STOCK3 AG,GERMANY,,2007,7371,10,Technology,Local standards,,,,,,,,,,,
D:SBSX,SBSG.DE,STRATEC SE,GERMANY,1979,1998,3845,20,Health Care,IFRS,,,,36.74,48.36,60.12,66.06,62.27,67.46,67.24,
D:SAXX,SAXG.DE,STROEER SE & CO KGAA,GERMANY,,,7312,40,Consumer Discretionary,IFRS,,,19.31,23.69,39.74,56.54,78.09,71.97,71.1,75.61,77.25
D:SF3,SF3.F,STS GROUP AG,GERMANY,,,3714,40,Consumer Discretionary,IFRS,,,,,,12.45,15.74,15.24,28.89,32.91,
D:SF3X,SF3.DE,STS GROUP AG,GERMANY,,,3714,40,Consumer Discretionary,IFRS,,,,,,12.45,15.74,15.24,28.89,32.91,
D:SZUX,SZUG.DE,SUEDZUCKER AG,GERMANY,1926,,2063,45,Consumer Staples,IFRS,33.64,48.24,44.54,48.08,53.13,60.13,62.5,59.82,56.57,53.01,52.51
