Name,Symbol,RIC,Start Date,Hist.,Category,Exchange,Market,Currency,Sector,Full Name,Activity,
"SIEMENS","D:SIE","SIEGn.F","01.01.1973","1973","Equities","Deutsche Boerse AG","Germany","Euro","General Industrials","Siemens","Active",
"SAP","D:SAP","SAPG.F","03.11.1988","1988","Equities","Deutsche Boerse AG","Germany","Euro","Software and Computer Services","SAP","Active",
"SIEMENS ENERGY N","D:ENR","ENR1n.F","28.09.2020","2020","Equities","Deutsche Boerse AG","Germany","Euro","Alternative Energy","Siemens Energy N","Active",
"ALLIANZ","D:ALV","ALVG.F","01.01.1973","1973","Equities","Deutsche Boerse AG","Germany","Euro","Non-life Insurance","Allianz","Active",
"DEUTSCHE TELEKOM","D:DTE","DTEGn.F","15.11.1996","1996","Equities","Deutsche Boerse AG","Germany","Euro","Telecommunications Service Providers","Deutsche Telekom","Active",
"INFINEON TECHNOLOGIES","D:IFX","IFXGn.F","10.03.2000","2000","Equities","Deutsche Boerse AG","Germany","Euro","Technology Hardware and Equipment","Infineon Technologies","Active",
"MUNCH. RVRS.GESELL. MUNCH.N","D:MUV2","MUVGn.F","01.01.1973","1973","Equities","Deutsche Boerse AG","Germany","Euro","Non-life Insurance","Muenchener RVRS Gesellschaft Muenchener N","Active",
"RHEINMETALL","D:RHM","RHMG.F","01.01.1973","1973","Equities","Deutsche Boerse AG","Germany","Euro","Aerospace and Defense","Rheinmetall","Active",
"BASF","D:BAS","BASFn.F","01.01.1973","1973","Equities","Deutsche Boerse AG","Germany","Euro","Chemicals","BASF","Active",
"DEUTSCHE BANK","D:DBK","DBKGn.F","01.01.1973","1973","Equities","Deutsche Boerse AG","Germany","Euro","Banks","Deutsche Bank","Active",
"DEUTSCHE POST","D:DHL","DHLn.F","17.11.2000","2000","Equities","Deutsche Boerse AG","Germany","Euro","Industrial Transportation","Deutsche Post","Active",
"E ON N","D:EOAN","EONGn.F","01.01.1973","1973","Equities","Deutsche Boerse AG","Germany","Euro","Gas, Water and Multi-utilities","E On N","Active",
"BMW","D:BMW","BMWG.F","01.01.1973","1973","Equities","Deutsche Boerse AG","Germany","Euro","Automobiles and Parts","BMW","Active",
"MERCEDES-BENZ GROUP N","D:MBG","MBGn.F","26.10.1998","1998","Equities","Deutsche Boerse AG","Germany","Euro","Automobiles and Parts","Mercedes-Benz Group N","Active",
"DEUTSCHE BOERSE","D:DB1","DB1Gn.F","02.02.2001","2001","Equities","Deutsche Boerse AG","Germany","Euro","Investment Banking and Brokerage Services","Deutsche Boerse","Active",
"RWE","D:RWE","RWEG.F","01.01.1973","1973","Equities","Deutsche Boerse AG","Germany","Euro","Gas, Water and Multi-utilities","RWE","Active",
"SIEMENS HEALTHINEERS","D:SHL","SHLG.F","15.03.2018","2018","Equities","Deutsche Boerse AG","Germany","Euro","Medical Equipment and Services","Siemens Healthineers","Active",
"VOLKSWAGEN","D:VOW","VOWG.F","01.01.1973","1973","Equities","Deutsche Boerse AG","Germany","Euro","Automobiles and Parts","Volkswagen","Active",
"BAYER","D:BAYN","BAYGn.F","01.01.1973","1973","Equities","Deutsche Boerse AG","Germany","Euro","Pharmaceuticals and Biotechnology","Bayer","Active",
"COMMERZBANK","D:CBK","CBKG.F","01.01.1973","1973","Equities","Deutsche Boerse AG","Germany","Euro","Banks","Commerzbank","Active",
"ADIDAS","D:ADS","ADSGn.F","17.11.1995","1995","Equities","Deutsche Boerse AG","Germany","Euro","Personal Goods","Adidas","Active",
"HOCHTIEF","D:HOT","HOTG.F","01.01.1973","1973","Equities","Deutsche Boerse AG","Germany","Euro","Construction and Materials","Hochtief","Active",
"DAIMLER TRUCK HOLDING E","D:DTG","DTGGe.F","10.12.2021","2021","Equities","Deutsche Boerse AG","Germany","Euro","Industrial Transportation","Daimler Truck Holding E","Active",
"HANNOVER RUECK","D:HNR1","HNRGn.F","30.11.1994","1994","Equities","Deutsche Boerse AG","Germany","Euro","Non-life Insurance","Hannover Rueck","Active",
"HEIDELBERG MATERIALS","D:HEI","HEIG.F","01.01.1973","1973","Equities","Deutsche Boerse AG","Germany","Euro","Construction and Materials","Heidelberg Materials","Active",
"TALANX AKTGSF.","D:TLX","TLXGn.F","01.10.2012","2012","Equities","Deutsche Boerse AG","Germany","Euro","Non-life Insurance","Talanx Aktiengesellschaft","Active",
"FRESENIUS","D:FRE","FREG.F","07.08.1992","1992","Equities","Deutsche Boerse AG","Germany","Euro","Health Care Providers","Fresenius","Active",
"ENBW ENGE.BADEN-WURTG.","D:EBK","EBKG.F","14.11.1973","1973","Equities","Deutsche Boerse AG","Germany","Euro","Electricity","Enbw Energie Baden-Wuerttemberg","Active",
"HAPAG LLOYD","D:HLAG","HLAG.F","05.11.2015","2015","Equities","Deutsche Boerse AG","Germany","Euro","Industrial Transportation","Hapag Lloyd","Active",
"HENKEL","D:HEN","HNKG.F","02.07.1996","1996","Equities","Deutsche Boerse AG","Germany","Euro","Chemicals","Henkel","Active",
"MTU AERO ENGINES HLDG.","D:MTX","MTXGn.F","03.06.2005","2005","Equities","Deutsche Boerse AG","Germany","Euro","Aerospace and Defense","MTU Aero Engines Holding","Active",
"VANTAGE TOWERS N (HAM)","D:VTWR","VTWRn.H","18.03.2021","2021","Equities","Hamburg","Germany","Euro","Industrial Transportation","Vantage Towers N (Hamburg)","Active",
"VONOVIA","D:VNA","VNAn.F","10.07.2013","2013","Equities","Deutsche Boerse AG","Germany","Euro","Real Estate Investment and Services","Vonovia","Active",
"BEIERSDORF","D:BEI","BEIG.F","01.01.1973","1973","Equities","Deutsche Boerse AG","Germany","Euro","Personal Care, Drug and Grocery Stores","Beiersdorf","Active",
"DEUTSCHE LUFTHANSA","D:LHA","LHAG.F","01.01.1973","1973","Equities","Deutsche Boerse AG","Germany","Euro","Travel and Leisure","Deutsche Lufthansa","Active",
"UNIPER K","D:UN0","UN0k.F","12.09.2016","2016","Equities","Deutsche Boerse AG","Germany","Euro","Gas, Water and Multi-utilities","Uniper K","Active",
"KNORR BREMSE","D:KBX","KBX.F","12.10.2018","2018","Equities","Deutsche Boerse AG","Germany","Euro","Industrial Transportation","Knorr Bremse","Active",
"TRATON","D:8TRA","8TRA.F","28.06.2019","2019","Equities","Deutsche Boerse AG","Germany","Euro","Industrial Transportation","Traton","Active",
"CONTINENTAL","D:CON","CONG.F","01.01.1973","1973","Equities","Deutsche Boerse AG","Germany","Euro","Automobiles and Parts","Continental","Active",
"MERCK KGAA","D:MRK","MRCG.F","20.10.1995","1995","Equities","Deutsche Boerse AG","Germany","Euro","Pharmaceuticals and Biotechnology","Merck KGaA","Active",
"TUI N","D:TUI1","TUI1n.F","01.01.1973","1973","Equities","Deutsche Boerse AG","Germany","Euro","Travel and Leisure","TUI N","Active",
"BRENNTAG","D:BNR","BNRGn.F","26.03.2010","2010","Equities","Deutsche Boerse AG","Germany","Euro","Chemicals","Brenntag","Active",
"COVESTRO","D:1COV","1COVG.F","06.10.2015","2015","Equities","Deutsche Boerse AG","Germany","Euro","Chemicals","Covestro","Active",
"DWS GROUP","D:DWS","DWSG.F","23.03.2018","2018","Equities","Deutsche Boerse AG","Germany","Euro","Investment Banking and Brokerage Services","DWS Group","Active",
"EVONIK INDUSTRIES","D:EVK","EVKn.F","24.04.2013","2013","Equities","Deutsche Boerse AG","Germany","Euro","Chemicals","Evonik Industries","Active",
"FRESENIUS MED.CARE","D:FME","FMEG.F","02.10.1996","1996","Equities","Deutsche Boerse AG","Germany","Euro","Health Care Providers","Fresenius Medical Care","Active",
"1&1","D:1U1","1U1.F","21.04.1998","1998","Equities","Deutsche Boerse AG","Germany","Euro","Telecommunications Service Providers","1 and 1","Active",
"DELIVERY HERO","D:DHER","DHER.F","29.06.2017","2017","Equities","Deutsche Boerse AG","Germany","Euro","Consumer Services","Delivery Hero","Active",
"GEA GROUP","D:G1A","G1AG.F","01.01.1973","1973","Equities","Deutsche Boerse AG","Germany","Euro","Industrial Engineering","GEA Group","Active",
"NORDEX","D:NDX1","NDXG.F","30.03.2001","2001","Equities","Deutsche Boerse AG","Germany","Euro","Alternative Energy","Nordex","Active",
"SYMRISE","D:SY1","SY1G.F","08.12.2006","2006","Equities","Deutsche Boerse AG","Germany","Euro","Chemicals","Symrise","Active",
"THYSSENKRUPP","D:TKA","TKAG.F","01.01.1973","1973","Equities","Deutsche Boerse AG","Germany","Euro","General Industrials","ThyssenKrupp","Active",
"AURUBIS","D:NDA","NAFG.F","07.07.1998","1998","Equities","Deutsche Boerse AG","Germany","Euro","Industrial Metals and Mining","Aurubis","Active",
"DEUTSCHE WOHNEN BR.SHS.","D:DWNI","DWNG.F","27.03.2006","2006","Equities","Deutsche Boerse AG","Germany","Euro","Real Estate Investment and Services","Deutsche Wohnen Bearer Shares","Active",
"FUCHS N","D:FPE","FPEn.F","03.04.1989","1989","Equities","Deutsche Boerse AG","Germany","Euro","Chemicals","Fuchs N","Active",
"HELLA GMBH & KGAA","D:HLE","HLE.F","11.11.2014","2014","Equities","Deutsche Boerse AG","Germany","Euro","Automobiles and Parts","Hella GMBH and KGaA","Active",
"HENSOLDT","D:HAG","HAGG.F","25.09.2020","2020","Equities","Deutsche Boerse AG","Germany","Euro","Aerospace and Defense","Hensoldt","Active",
"NEMETSCHEK","D:NEM","NEKG.F","09.03.1999","1999","Equities","Deutsche Boerse AG","Germany","Euro","Software and Computer Services","Nemetschek","Active",
"PUMA","D:PUM","PUMG.F","05.08.1986","1986","Equities","Deutsche Boerse AG","Germany","Euro","Personal Goods","Puma","Active",
"RATIONAL","D:RAA","RAAG.F","02.03.2000","2000","Equities","Deutsche Boerse AG","Germany","Euro","Household Goods and Home Construction","Rational","Active",
"SCHAEFFLER","D:SHA0","SHA0n.F","09.10.2015","2015","Equities","Deutsche Boerse AG","Germany","Euro","Automobiles and Parts","Schaeffler","Active",
"AIXTRON","D:AIXA","AIXGn.F","05.11.1997","1997","Equities","Deutsche Boerse AG","Germany","Euro","Technology Hardware and Equipment","Aixtron","Active",
"AUTO1 GROUP","D:AG1","AG1G.F","04.02.2021","2021","Equities","Deutsche Boerse AG","Germany","Euro","Retailers","AUTO1 Group","Active",
"CTS EVENTIM","D:EVD","EVDG.F","31.01.2000","2000","Equities","Deutsche Boerse AG","Germany","Euro","Media","CTS Eventim","Active",
"FIELMANN GROUP","D:FIE","FIEG.F","16.09.1994","1994","Equities","Deutsche Boerse AG","Germany","Euro","Retailers","Fielmann Group","Active",
"FRAPORT","D:FRA","FRAG.F","08.06.2001","2001","Equities","Deutsche Boerse AG","Germany","Euro","Industrial Transportation","Fraport","Active",
"HENRIPAY HOLDING NV","D:9HF","9HF.D","06.10.2022","2022","Equities","Duesseldorf","Germany","Euro","Real Estate Investment and Services","Henripay Holding NV","Active",
"KION GROUP","D:KGX","KGX.F","27.06.2013","2013","Equities","Deutsche Boerse AG","Germany","Euro","Industrial Engineering","Kion Group","Active",
"KRONES","D:KRN","KRNG.F","31.08.1998","1998","Equities","Deutsche Boerse AG","Germany","Euro","Industrial Engineering","Krones","Active",
"LEG IMMOBILIEN","D:LEG","LEGn.F","31.01.2013","2013","Equities","Deutsche Boerse AG","Germany","Euro","Real Estate Investment and Services","LEG Immobilien","Active",
"OHB","D:OHB","OHBG.F","12.03.2001","2001","Equities","Deutsche Boerse AG","Germany","Euro","Telecommunications Equipment","OHB","Active",
"OSRAM LICHT","D:OSR","OSRn.H","05.07.2013","2013","Equities","Hamburg","Germany","Euro","Electronic and Electrical Equipment","Osram Licht","Active",
"QIAGEN","U:QGEN","QGEN.K","28.06.1996","1996","Equities","NYSE","Germany","United States Dollar","Medical Equipment and Services","QIAGEN","Active",
"RENK GROUP","D:R3NK","R3NK.F","07.02.2024","2024","Equities","Deutsche Boerse AG","Germany","Euro","Aerospace and Defense","Renk Group","Active",
"SARTORIUS","D:SRT","SATG.F","10.07.1990","1990","Equities","Deutsche Boerse AG","Germany","Euro","Medical Equipment and Services","Sartorius","Active",
"SCOUT24","D:G24","G24n.F","30.09.2015","2015","Equities","Deutsche Boerse AG","Germany","Euro","Software and Computer Services","SCOUT24","Active",
"TELEFONICA DEUTSCHLAND HOLDING","D:O2D","O2Dn.H","29.10.2012","2012","Equities","Hamburg","Germany","Euro","Telecommunications Service Providers","Telefonica Deutschland Holding","Active",
"TKMS","D:TKMS","TKMS.F","20.10.2025","2025","Equities","Deutsche Boerse AG","Germany","Euro","Aerospace and Defense","TKMS","Active",
"UNITED INTERNET","D:UTDI","UTDI.F","20.03.1998","1998","Equities","Deutsche Boerse AG","Germany","Euro","Telecommunications Service Providers","United Internet","Active",
"WACKER CHEMIE","D:WCH","WCHG.F","07.04.2006","2006","Equities","Deutsche Boerse AG","Germany","Euro","Chemicals","Wacker Chemie","Active",
"ZALANDO","D:ZAL","ZALG.F","30.09.2014","2014","Equities","Deutsche Boerse AG","Germany","Euro","Retailers","Zalando","Active",
"AUMOVIO N","D:AMV0","AMV0n.F","18.09.2025","2025","Equities","Deutsche Boerse AG","Germany","Euro","Automobiles and Parts","Aumovio N","Active",
"BECHTLE","D:BC8","BC8G.F","29.03.2000","2000","Equities","Deutsche Boerse AG","Germany","Euro","Software and Computer Services","Bechtle","Active",
"BILFINGER BERGER","D:GBF","GBFG.F","01.01.1973","1973","Equities","Deutsche Boerse AG","Germany","Euro","Construction and Materials","Bilfinger Berger","Active",
"BOSS (HUGO)","D:BOSS","BOSSn.F","22.05.1989","1989","Equities","Deutsche Boerse AG","Germany","Euro","Personal Goods","Boss (Hugo)","Active",
"CARL ZEISS MEDITEC","D:AFX","AFXG.F","21.03.2000","2000","Equities","Deutsche Boerse AG","Germany","Euro","Medical Equipment and Services","Carl Zeiss Meditec","Active",
"CECONOMY","D:CEC","CECG.F","22.07.1996","1996","Equities","Deutsche Boerse AG","Germany","Euro","Retailers","Ceconomy","Active",
"DERMAPHARM HOLDING SE","D:DMP","DMPG.F","08.02.2018","2018","Equities","Deutsche Boerse AG","Germany","Euro","Pharmaceuticals and Biotechnology","Dermapharm Holding Securities","Active",
"DEUTSCHE BANK (XET)","D:DBKX","DBKGn.DE","01.07.1991","1991","Equities","Xetra","Germany","Euro","Banks","Deutsche Bank (XETRA)","Active",
"DMG MORI","D:GIL","GILG.F","01.01.1973","1973","Equities","Deutsche Boerse AG","Germany","Euro","Industrial Engineering","DMG Mori","Active",
"ELMOS SEMICONDUCTOR","D:ELG","ELGG.F","08.10.1999","1999","Equities","Deutsche Boerse AG","Germany","Euro","Technology Hardware and Equipment","Elmos Semiconductor","Active",
"EVOTEC (XET)","D:EVTX","EVTG.DE","11.11.1999","1999","Equities","Xetra","Germany","Euro","Pharmaceuticals and Biotechnology","Evotec (XETRA)","Active",
"FLATEXDEGIRO N","D:FTK","FTKn.F","29.06.2009","2009","Equities","Deutsche Boerse AG","Germany","Euro","Investment Banking and Brokerage Services","Flatexdegiro N","Active",
"FREENET","D:FNTN","FNTGn.F","02.12.1999","1999","Equities","Deutsche Boerse AG","Germany","Euro","Telecommunications Service Providers","Freenet","Active",
"FRESENIUS (XET)","D:FREX","FREG.DE","24.03.1999","1999","Equities","Xetra","Germany","Euro","Health Care Providers","Fresenius (XETRA)","Active",
"FRESENIUS MED.CARE (XET)","D:FMEX","FMEG.DE","02.10.1996","1996","Equities","Xetra","Germany","Euro","Health Care Providers","Fresenius Medical Care (XETRA)","Active",
"GRENKE N (XET)","D:GLJX","GLJn.DE","03.04.2000","2000","Equities","Xetra","Germany","Euro","Finance and Credit Services","Grenke N (XETRA)","Active",
"GSW IMMOBILIEN","D:GIB","GIBG.H","14.04.2011","2011","Equities","Hamburg","Germany","Euro","Travel and Leisure","GSW Immobilien","Active",
"HEIDELBERG (XET) MATERIALS","D:HEIX","HEIG.DE","08.05.1996","1996","Equities","Xetra","Germany","Euro","Construction and Materials","Heidelberg (XETRA) Materials","Active",
"HORNBACH-BAUMARKT","D:HBM","HBMG.H","25.11.1993","1993","Equities","Hamburg","Germany","Euro","Retailers","Hornbach-Baumarkt","Active",
"INFINEON TECHS. (XET)","D:IFXX","IFXGn.DE","13.03.2000","2000","Equities","Xetra","Germany","Euro","Technology Hardware and Equipment","Infineon Technologies (XETRA)","Active",
"IONOS GROUP N","D:IOS","IOSn.F","08.02.2023","2023","Equities","Deutsche Boerse AG","Germany","Euro","Software and Computer Services","Ionos Group N","Active",
"K+S N","D:SDF","SDFGn.F","01.01.1973","1973","Equities","Deutsche Boerse AG","Germany","Euro","Chemicals","K + S N","Active",
"KWS SAAT","D:KWS","KWSG.F","01.01.1973","1973","Equities","Deutsche Boerse AG","Germany","Euro","Food Producers","KWS Saat","Active",
"LECHWERKE","D:LEC","LECG.F","01.01.1973","1973","Equities","Deutsche Boerse AG","Germany","Euro","Electricity","Lechwerke","Active",
"LEG IMMOBILIEN (XET)","D:LEGX","LEGn.DE","31.01.2013","2013","Equities","Xetra","Germany","Euro","Real Estate Investment and Services","LEG Immobilien (XETRA)","Active",
"MERCK KGAA (XET)","D:MRKX","MRCG.DE","24.04.1996","1996","Equities","Xetra","Germany","Euro","Pharmaceuticals and Biotechnology","Merck KGaA (XETRA)","Active",
"METRO","D:B4B","B4B.H","13.07.2017","2017","Equities","Hamburg","Germany","Euro","Pharmaceuticals and Biotechnology","Metro","Active",
"MUNCH. (XET) RVRS.GESELL.MUNCH.N","D:MUV2X","MUVGn.DE","22.01.1996","1996","Equities","Xetra","Germany","Euro","Non-life Insurance","Muenchener (XETRA) RVRS Gesellschaft Muenchener N","Active",
"MVV ENERGIE","D:MVV1","MVVGn.F","02.03.1999","1999","Equities","Deutsche Boerse AG","Germany","Euro","Electricity","MVV Energie","Active",
"NEMETSCHEK (XET)","D:NEMX","NEKG.DE","11.03.1999","1999","Equities","Xetra","Germany","Euro","Software and Computer Services","Nemetschek (XETRA)","Active",
"OTTOBOCK","D:OBCK","OBCK.F","09.10.2025","2025","Equities","Deutsche Boerse AG","Germany","Euro","Medical Equipment and Services","Ottobock","Active",
"ROCKET INTERNET","D:RKET","RKET.H","01.10.2014","2014","Equities","Hamburg","Germany","Euro","Investment Banking and Brokerage Services","Rocket Internet","Active",
"SALZGITTER","D:SZG","SZGG.F","26.09.1988","1988","Equities","Deutsche Boerse AG","Germany","Euro","Industrial Metals and Mining","Salzgitter","Active",
"SCHOTT PHARMA","D:1SXP","1SXP.F","28.09.2023","2023","Equities","Deutsche Boerse AG","Germany","Euro","Medical Equipment and Services","Schott Pharma","Active",
"SIEMENS (XET)","D:SIEX","SIEGn.DE","01.07.1991","1991","Equities","Xetra","Germany","Euro","General Industrials","Siemens (XETRA)","Active",
"SILTRONIC","D:WAF","WAFGn.F","10.06.2015","2015","Equities","Deutsche Boerse AG","Germany","Euro","Technology Hardware and Equipment","Siltronic","Active",
"SIXT","D:SIX2","SIXG.F","08.02.1990","1990","Equities","Deutsche Boerse AG","Germany","Euro","Consumer Services","Sixt","Active",
"SOLARWORLD K","D:SWVK","SWVk.H","05.11.1999","1999","Equities","Hamburg","Germany","Euro","Alternative Energy","Solarworld K","Active",
"SPRINGER NATURE","D:SPG","SPGG.F","04.10.2024","2024","Equities","Deutsche Boerse AG","Germany","Euro","Media","Springer Nature","Active",
"STROEER","D:SAX","SAXG.F","14.07.2010","2010","Equities","Deutsche Boerse AG","Germany","Euro","Media","Stroeer","Active",
"SUEDZUCKER","D:SZU","SZUG.F","01.01.1973","1973","Equities","Deutsche Boerse AG","Germany","Euro","Food Producers","Suedzucker","Active",
"TAG IMMOBILIEN","D:TEG","TEGG.F","28.10.1988","1988","Equities","Deutsche Boerse AG","Germany","Euro","Real Estate Investment and Services","Tag Immobilien","Active",
"TRADEGATE","D:T2G","T2GG.F","11.10.2006","2006","Equities","Deutsche Boerse AG","Germany","Euro","Investment Banking and Brokerage Services","Tradegate","Active",
"VERBIO","D:VBK","VBKG.F","13.10.2006","2006","Equities","Deutsche Boerse AG","Germany","Euro","Alternative Energy","Verbio","Active",
"029 GROUP","D:Z29","Z29.F","23.04.2018","2018","Equities","Deutsche Boerse AG","Germany","Euro","Software and Computer Services","029 Group","Active",
"2G ENERGY","D:2GB","2GBG.F","30.07.2007","2007","Equities","Deutsche Boerse AG","Germany","Euro","Alternative Energy","2G Energy","Active",
"ADESSO","D:ADN1","ADNGk.F","20.06.2000","2000","Equities","Deutsche Boerse AG","Germany","Euro","Software and Computer Services","Adesso","Active",
"ADTRAN NETWORKS","D:ADV","ADVG.F","26.03.1999","1999","Equities","Deutsche Boerse AG","Germany","Euro","Telecommunications Equipment","Adtran Networks","Active",
"ALLANE","D:LNSX","LNSX.F","07.05.2015","2015","Equities","Deutsche Boerse AG","Germany","Euro","Consumer Services","Allane","Active",
"ALZCHEM","D:ACT","ACT1.F","31.05.1999","1999","Equities","Deutsche Boerse AG","Germany","Euro","Chemicals","Alzchem","Active",
"ANBIO BIOTECHNOLOGY A","@NNNN","NNNN.O","19.02.2025","2025","Equities","NASDAQ","Germany","United States Dollar","Medical Equipment and Services","Antibiotics Biotechnology A","Active",
"ATOSS SOFTWARE","D:AOF","AOFG.F","20.03.2000","2000","Equities","Deutsche Boerse AG","Germany","Euro","Software and Computer Services","Atoss Software","Active",
"AUR PORTFOLIO III K","D:AR4","AR4k.H","23.06.2006","2006","Equities","Hamburg","Germany","Euro","Investment Banking and Brokerage Services","AUR Portfolio III K","Active",
"AVARDA BANK","W:TFBANK","AVARDA.ST","14.06.2016","2016","Equities","Stockholm","Germany","Swedish Krona","Banks","Avarda Bank","Active",
"BAADER BANK","D:BWB","BLMG.F","04.10.1994","1994","Equities","Deutsche Boerse AG","Germany","Euro","Investment Banking and Brokerage Services","Baader Bank","Active",
"BASLER","D:BSL","BSLG.F","22.03.1999","1999","Equities","Deutsche Boerse AG","Germany","Euro","Electronic and Electrical Equipment","Basler","Active",
"BAUER N","D:B5A0","B5A0n.H","03.07.2006","2006","Equities","Hamburg","Germany","Euro","Construction and Materials","Bauer N","Active",
"BAVARIA INDUSTRIES GROUP","D:B8A","B8AG.MU","25.01.2006","2006","Equities","Munich","Germany","Euro","Investment Banking and Brokerage Services","Bavaria Industries Group","Active",
"BAYWA VINK","D:BYW6","BYWGnx.F","26.09.1988","1988","Equities","Deutsche Boerse AG","Germany","Euro","Industrial Support Services","Baywa Vink","Active",
"BEFESA","D:BFSA","BFSA.F","02.11.2017","2017","Equities","Deutsche Boerse AG","Germany","Euro","Waste and Disposal Services","Befesa","Active",
"BERLINER EFFTG.","D:BFV","BEFG.F","17.06.1997","1997","Equities","Deutsche Boerse AG","Germany","Euro","Industrial Metals and Mining","Berliner Effektengesellschaft","Active",
"BIJOU BRIGITTE MODISCHE ACCESSOIRES","D:BIJ","BIJG.F","26.05.1988","1988","Equities","Deutsche Boerse AG","Germany","Euro","Retailers","Bijou Brigitte Modische Accessoires","Active",
"BIOTEST","D:BIO","BIOG.H","31.05.1996","1996","Equities","Hamburg","Germany","Euro","Food Producers","Biotest","Active",
"BORUSSIA DORTMUND","D:BVB","BVB.F","30.10.2000","2000","Equities","Deutsche Boerse AG","Germany","Euro","Travel and Leisure","Borussia Dortmund","Active",
"CANCOM","D:COK","COKG.F","15.09.1999","1999","Equities","Deutsche Boerse AG","Germany","Euro","Software and Computer Services","Cancom","Active",
"CENTROTEC","D:CEV","CEVG.H","07.12.1998","1998","Equities","Hamburg","Germany","Euro","Construction and Materials","Centrotec","Active",
"CENTROTHERM PHTO.","D:CTNK","CTNGk.F","12.10.2007","2007","Equities","Deutsche Boerse AG","Germany","Euro","Alternative Energy","Centrotherm Photovoltaics","Active",
"CEWE STIFTUNG","D:CWC","CWCG.F","25.03.1993","1993","Equities","Deutsche Boerse AG","Germany","Euro","Consumer Services","Cewe Stiftung","Active",
"CHAPTERS GROUP","D:CHG","CHG1.F","03.06.2005","2005","Equities","Deutsche Boerse AG","Germany","Euro","Software and Computer Services","Chapters Group","Active",
"COLONIA REAL ESTATE","D:KBU","KBUG.H","26.09.1988","1988","Equities","Hamburg","Germany","Euro","Real Estate Investment and Services","Colonia Real Estate","Active",
"COMPUGROUP MEDICAL N","D:COP","COP1n.H","30.05.1996","1996","Equities","Hamburg","Germany","Euro","Health Care Providers","Compugroup Medical N","Active",
"CROPENERGIES","D:CE2","CE2G.H","29.09.2006","2006","Equities","Hamburg","Germany","Euro","Alternative Energy","Cropenergies","Active",
"DATAGROUP","D:D6H","D6HG.F","13.09.2006","2006","Equities","Deutsche Boerse AG","Germany","Euro","Software and Computer Services","Datagroup","Active",
"DEUTSCHE BALATON K","D:BBHK","BBHKk.H","25.04.1997","1997","Equities","Hamburg","Germany","Euro","Aerospace and Defense","Deutsche Balaton K","Active",
"DEUTSCHE BETEILIGUNGS","D:DBAN","DBANn.F","15.04.1991","1991","Equities","Deutsche Boerse AG","Germany","Euro","Investment Banking and Brokerage Services","Deutsche Beteiligungs","Active",
"DEUTSCHE EUROSHOP","D:DEQ","DEQGn.F","29.12.2000","2000","Equities","Deutsche Boerse AG","Germany","Euro","Real Estate Investment and Services","Deutsche Euroshop","Active",
"DEUTSCHE REAL ESTATE","D:DRE2","DREGa.F","26.09.1988","1988","Equities","Deutsche Boerse AG","Germany","Euro","Real Estate Investment and Services","Deutsche Real Estate","Active",
"DEUTSCHE ROHSTOFF","D:DR0","DR0G.F","26.05.2010","2010","Equities","Deutsche Boerse AG","Germany","Euro","Oil, Gas and Coal","Deutsche Rohstoff","Active",
"DEUTZ","D:DEZ","DEZG.F","01.01.1973","1973","Equities","Deutsche Boerse AG","Germany","Euro","Industrial Engineering","Deutz","Active",
"DINKELACKER","D:DWB","DWBG.SG","26.09.1988","1988","Equities","Stuttgart","Germany","Euro","Real Estate Investment and Services","Dinkelacker","Active",
"DN GROUP N","D:D77","D77n.F","13.01.2023","2023","Equities","Deutsche Boerse AG","Germany","Euro","Investment Banking and Brokerage Services","DN Group N","Active",
"DOUGLAS N","D:DOU","DOUn.F","21.03.2024","2024","Equities","Deutsche Boerse AG","Germany","Euro","Personal Goods","Douglas N","Active",
"DT.PFANDBRIEFBANK","D:PBB","PBBG.F","15.07.2015","2015","Equities","Deutsche Boerse AG","Germany","Euro","Banks","Deutsche Pfandbriefbank","Active",
"DUERR","D:DUE","DUEG.F","04.01.1990","1990","Equities","Deutsche Boerse AG","Germany","Euro","Industrial Engineering","Duerr","Active",
"ECKERT & ZIEGLER","D:EUZ","EUZG.F","24.05.1999","1999","Equities","Deutsche Boerse AG","Germany","Euro","Medical Equipment and Services","Eckert and Ziegler","Active",
"EISEN-UND HUTTENWERKE","D:EIS","EISG.F","26.09.1988","1988","Equities","Deutsche Boerse AG","Germany","Euro","Industrial Metals and Mining","Eisen-und Huttenwerke","Active",
"ELRINGKLINGER N","D:ZIL2","ZILGn.F","28.10.1988","1988","Equities","Deutsche Boerse AG","Germany","Euro","Automobiles and Parts","Elringklinger N","Active",
"ENERCITY PAR","D:STW5","SWHGg.F","21.02.1991","1991","Equities","Deutsche Boerse AG","Germany","Euro","Banks","Enercity Par","Active",
"ENERGIEKONTOR","D:EKT","EKTG.F","24.05.2000","2000","Equities","Deutsche Boerse AG","Germany","Euro","Electricity","Energiekontor","Active",
"ENVITEC BIOGAS","D:ETG","ETGG.F","11.07.2007","2007","Equities","Deutsche Boerse AG","Germany","Euro","Alternative Energy","Envitec Biogas","Active",
"ERNST RUSS K","D:ERAG","ERAGn.F","05.10.2005","2005","Equities","Deutsche Boerse AG","Germany","Euro","Industrial Transportation","Ernst Russ K","Active",
"EUWAX","D:EUX","EUXG.F","22.05.2000","2000","Equities","Deutsche Boerse AG","Germany","Euro","Investment Banking and Brokerage Services","Euwax","Active",
"EVOTEC","D:EVT","EVTG.F","09.11.1999","1999","Equities","Deutsche Boerse AG","Germany","Euro","Pharmaceuticals and Biotechnology","Evotec","Active",
"FIRST SENSOR","D:SIS","SISG.F","14.07.1999","1999","Equities","Deutsche Boerse AG","Germany","Euro","Electronic and Electrical Equipment","First Sensor","Active",
"FORMYCON","D:FYB","FYB.F","20.12.2010","2010","Equities","Deutsche Boerse AG","Germany","Euro","Pharmaceuticals and Biotechnology","Formycon","Active",
"FREQUENTIS","D:FQT","FQT.F","08.05.2019","2019","Equities","Deutsche Boerse AG","Germany","Euro","Industrial Transportation","Frequentis","Active",
"FRIEDRICH VORWERK GROUP","D:VH2","VH2.F","25.03.2021","2021","Equities","Deutsche Boerse AG","Germany","Euro","Construction and Materials","Friedrich Vorwerk Group","Active",
"FROSTA","D:NLM","HNDG.F","26.09.1988","1988","Equities","Deutsche Boerse AG","Germany","Euro","Food Producers","Frosta","Active",
"FUNKWERK N","D:FEW0","FEW0n.SG","14.11.2000","2000","Equities","Stuttgart","Germany","Euro","Telecommunications Equipment","Funkwerk N","Active",
"GABLER GROUP","D:XK4","XK4.F","09.03.2026","2026","Equities","Deutsche Boerse AG","Germany","Euro","Aerospace and Defense","Gabler Group","Active",
"GELSENWASSER","D:WWG","WWGG.F","01.01.1973","1973","Equities","Deutsche Boerse AG","Germany","Euro","Gas, Water and Multi-utilities","Gelsenwasser","Active",
"GERRESHEIMER","D:GXI","GXIG.F","08.06.2007","2007","Equities","Deutsche Boerse AG","Germany","Euro","Medical Equipment and Services","Gerresheimer","Active",
"GFT TECHNOLOGIES","D:GFT","GFTG.F","25.06.1999","1999","Equities","Deutsche Boerse AG","Germany","Euro","Software and Computer Services","GFT Technologies","Active",
"GRAND CITY PROPERTIES","D:GYC","GYC.F","29.05.2012","2012","Equities","Deutsche Boerse AG","Germany","Euro","Real Estate Investment and Services","Grand City Properties","Active",
"GRENKE N","D:GLJ","GLJn.F","03.04.2000","2000","Equities","Deutsche Boerse AG","Germany","Euro","Finance and Credit Services","Grenke N","Active",
"HAMB.HAFEN UD.LOGISTIK","D:HHFA","HHFGn.F","01.11.2007","2007","Equities","Deutsche Boerse AG","Germany","Euro","Industrial Transportation","Hamburger Hafen und Logistik","Active",
"HAMBORNER REIT N","D:HABA","HABAn.F","01.01.1973","1973","Equities","Deutsche Boerse AG","Germany","Euro","Real Estate Investment Trusts","Hamborner REIT N","Active",
"HEIDELB.DRUCKMASCHINEN","D:HDD","HDDG.F","08.12.1997","1997","Equities","Deutsche Boerse AG","Germany","Euro","Industrial Engineering","Heidelberger Druckmaschinen","Active",
"HELLOFRESH","D:HFG","HFGG.F","01.11.2017","2017","Equities","Deutsche Boerse AG","Germany","Euro","Personal Care, Drug and Grocery Stores","Hellofresh","Active",
"HOLIDAY CHECK GROUP","D:HOC","HOC.H","12.07.2000","2000","Equities","Hamburg","Germany","Euro","Software and Computer Services","Holiday Check Group","Active",
"HOMAG GROUP","D:HG1","HG1G.F","12.07.2007","2007","Equities","Deutsche Boerse AG","Germany","Euro","Industrial Engineering","Homag Group","Active",
"HOMETOGO","D:HTG","HTGG.F","22.02.2021","2021","Equities","Deutsche Boerse AG","Germany","Euro","Travel and Leisure","Hometogo","Active",
"HYPOPORT FINANCE","D:HYQ","HYQGn.F","26.10.2007","2007","Equities","Deutsche Boerse AG","Germany","Euro","Investment Banking and Brokerage Services","Hypoport Finance","Active",
"INDUS HOLDING","D:INH","INHG.F","13.09.1995","1995","Equities","Deutsche Boerse AG","Germany","Euro","General Industrials","Indus Holding","Active",
"INIT","D:IXX","IXXG.F","23.07.2001","2001","Equities","Deutsche Boerse AG","Germany","Euro","Software and Computer Services","Init","Active",
"INNOSCRIPTA","D:1INN","1INN.F","23.05.2025","2025","Equities","Deutsche Boerse AG","Germany","Euro","Software and Computer Services","Innoscripta","Active",
"INSTONE REAL ESTATE GROUP","D:INS","INS2.F","15.02.2018","2018","Equities","Deutsche Boerse AG","Germany","Euro","Real Estate Investment and Services","Instone Real Estate Group","Active",
"IVU TRAFFIC TECHS.","D:IVU","IVUG.F","06.07.2000","2000","Equities","Deutsche Boerse AG","Germany","Euro","Software and Computer Services","IVU Traffic Technologies","Active",
"JAMES RIVER GROUP HDG.","@JRVR","JRVR.O","12.12.2014","2014","Equities","NASDAQ","Germany","United States Dollar","Non-life Insurance","James River Group Holdings","Active",
"JDC GROUP","D:JDC","JDC.F","28.11.2005","2005","Equities","Deutsche Boerse AG","Germany","Euro","Investment Banking and Brokerage Services","JDC Group","Active",
"JENOPTIK N","D:JEN","JENGn.F","16.06.1998","1998","Equities","Deutsche Boerse AG","Germany","Euro","Technology Hardware and Equipment","Jenoptik N","Active",
"JOST WERKE","D:JST","JST.F","20.07.2017","2017","Equities","Deutsche Boerse AG","Germany","Euro","Automobiles and Parts","Jost Werke","Active",
"KLOECKNER & CO","D:KCO","KCOGn.F","27.06.2006","2006","Equities","Deutsche Boerse AG","Germany","Euro","Industrial Metals and Mining","Kloeckner and Company","Active",
"KONTRON","D:KTN","KTN.F","17.11.2000","2000","Equities","Deutsche Boerse AG","Germany","Euro","Software and Computer Services","Kontron","Active",
"KSB","D:KSB","KSBG.F","01.01.1973","1973","Equities","Deutsche Boerse AG","Germany","Euro","Industrial Engineering","KSB","Active",
"LANG UND SCHWARZ N","D:LUS1","LUS1n.F","27.09.2006","2006","Equities","Deutsche Boerse AG","Germany","Euro","Investment Banking and Brokerage Services","Lang und Schwarz N","Active",
"LANXESS","D:LXS","LXSG.F","31.01.2005","2005","Equities","Deutsche Boerse AG","Germany","Euro","Chemicals","Lanxess","Active",
"LOGWIN","D:TGHN","TGHN.F","17.03.2000","2000","Equities","Deutsche Boerse AG","Germany","Euro","Industrial Transportation","Logwin","Active",
"LPKF LASER & ELTN.","D:LPK","LPKG.F","27.11.1998","1998","Equities","Deutsche Boerse AG","Germany","Euro","Technology Hardware and Equipment","LPKF Laser and Electronics","Active",
"LS INVEST","D:IFA","IFAG.H","12.07.1995","1995","Equities","Hamburg","Germany","Euro","Travel and Leisure","LS Invest","Active",
"M1 KLINIKEN","D:M12","M12.F","11.09.2015","2015","Equities","Deutsche Boerse AG","Germany","Euro","Health Care Providers","M1 Kliniken","Active",
"MBB","D:MBB","MBBG.F","08.05.2006","2006","Equities","Deutsche Boerse AG","Germany","Euro","Investment Banking and Brokerage Services","MBB","Active",
"MEDIOS","D:ILM1","ILM1k.F","15.07.1999","1999","Equities","Deutsche Boerse AG","Germany","Euro","Pharmaceuticals and Biotechnology","Medios","Active",
"MENSCH UND MASCHINE SOFTWARE","D:MUM","MUMG.F","18.07.1997","1997","Equities","Deutsche Boerse AG","Germany","Euro","Software and Computer Services","Mensch und Maschine Software","Active",
"MLP","D:MLP","MLPG.F","08.08.1990","1990","Equities","Deutsche Boerse AG","Germany","Euro","Investment Banking and Brokerage Services","MLP","Active",
"MORE IMPACT","D:AEE1","AEE1.D","26.09.1988","1988","Equities","Duesseldorf","Germany","Euro","Oil, Gas and Coal","More Impact","Active",
"MUEHLBAUER HOLDING","D:MUB","MUBG.F","09.07.1998","1998","Equities","Deutsche Boerse AG","Germany","Euro","Technology Hardware and Equipment","Muehlbauer Holding","Active",
"MUTARES","D:MUX","MUXG.F","09.06.2008","2008","Equities","Deutsche Boerse AG","Germany","Euro","Investment Banking and Brokerage Services","Mutares","Active",
"NAGARRO N","D:NA9","NA9n.F","16.12.2020","2020","Equities","Deutsche Boerse AG","Germany","Euro","Software and Computer Services","Nagarro N","Active",
"NORMA GROUP","D:NOEJ","NOEJ.F","07.04.2011","2011","Equities","Deutsche Boerse AG","Germany","Euro","Industrial Engineering","Norma Group","Active",
"NORTHERN DATA","D:NB2","NB2.F","14.03.2016","2016","Equities","Deutsche Boerse AG","Germany","Euro","Software and Computer Services","Northern Data","Active",
"NUERNBERGER BETS.","D:NBG6","NLVGn.F","26.09.1988","1988","Equities","Deutsche Boerse AG","Germany","Euro","Non-life Insurance","Nuernberger Beteiligungs","Active",
"OVB HOLDING","D:O4B","O4BG.F","20.07.2006","2006","Equities","Deutsche Boerse AG","Germany","Euro","Investment Banking and Brokerage Services","OVB Holding","Active",
"PATRIZIA","D:PAT","PATGn.F","30.03.2006","2006","Equities","Deutsche Boerse AG","Germany","Euro","Real Estate Investment and Services","Patrizia","Active",
"PAUL HARTMANN","D:PHH2","PHHGn.F","26.09.1988","1988","Equities","Deutsche Boerse AG","Germany","Euro","Medical Equipment and Services","Paul Hartmann","Active",
"PFEIFFER VACUUM TECH.","D:PFV","PV.F","15.04.1998","1998","Equities","Deutsche Boerse AG","Germany","Euro","Industrial Engineering","Pfeiffer Vacuum Technology","Active",
"PFISTERER","D:PFSE","PFSE.F","14.05.2025","2025","Equities","Deutsche Boerse AG","Germany","Euro","Electronic and Electrical Equipment","Pfisterer","Active",
"PNE","D:PNE3","PNEGn.F","14.12.1998","1998","Equities","Deutsche Boerse AG","Germany","Euro","Electricity","PNE","Active",
"PROCREDIT HOLDING","D:PCZ","PCZ.F","22.12.2016","2016","Equities","Deutsche Boerse AG","Germany","Euro","Banks","Procredit Holding","Active",
"PROSIEBENSAT 1 MEDIA","D:PSM","PSMGn.F","07.07.1997","1997","Equities","Deutsche Boerse AG","Germany","Euro","Media","Prosiebensat 1 Media","Active",
"PSI SOFTWARE","D:PSAN","PSAGn.F","28.08.1998","1998","Equities","Deutsche Boerse AG","Germany","Euro","Software and Computer Services","PSI Software","Active",
"PVA TEPLA","D:TPE","TPEG.F","18.06.1999","1999","Equities","Deutsche Boerse AG","Germany","Euro","Technology Hardware and Equipment","PVA Tepla","Active",
"REDCARE PHARMACY","D:RDC","RDC.F","12.10.2016","2016","Equities","Deutsche Boerse AG","Germany","Euro","Personal Care, Drug and Grocery Stores","Redcare Pharmacy","Active",
"RHOEN-KLINIKUM","D:RHK","RHKG.F","07.06.1991","1991","Equities","Deutsche Boerse AG","Germany","Euro","Health Care Providers","Rhoen-Klinikum","Active",
"SAF-HOLLAND","D:SFQ","SFQ.F","25.07.2007","2007","Equities","Deutsche Boerse AG","Germany","Euro","Automobiles and Parts","SAF-Holland","Active",
"SAMARA ASSET GROUP (DUS)","D:SRAG","SRAG.D","05.05.2020","2020","Equities","Duesseldorf","Germany","Euro","Investment Banking and Brokerage Services","Samara Asset Group (Dusseldorf)","Active",
"SCHALTBAU HOLDING N","D:SLT","SLTG.H","17.06.1994","1994","Equities","Hamburg","Germany","Euro","Industrial Transportation","Schaltbau Holding N","Active",
"SECUNET SCTY.NETWORKS","D:YSN","YSNG.F","08.11.1999","1999","Equities","Deutsche Boerse AG","Germany","Euro","Software and Computer Services","Secunet Security Networks","Active",
"SEDLMAYR GRUND UND IMMOBILIEN","D:SPB","SPBH.F","26.09.1988","1988","Equities","Deutsche Boerse AG","Germany","Euro","Real Estate Investment and Services","Sedlmayr Grund und Immobilien","Active",
"SFC ENERGY","D:F3C","F3CG.F","21.04.2006","2006","Equities","Deutsche Boerse AG","Germany","Euro","Alternative Energy","SFC Energy","Active",
"SGL CARBON","D:SGL","SGCG.F","07.04.1995","1995","Equities","Deutsche Boerse AG","Germany","Euro","Industrial Metals and Mining","SGL Carbon","Active",
"SIMONA","D:SIM0","SIM0.F","04.05.1990","1990","Equities","Deutsche Boerse AG","Germany","Euro","General Industrials","Simona","Active",
"SINO","D:XTP","XTPG.F","27.09.2004","2004","Equities","Deutsche Boerse AG","Germany","Euro","Investment Banking and Brokerage Services","Sino","Active",
"SMA SOLAR TECHNOLOGY","D:S92","S92G.F","26.06.2008","2008","Equities","Deutsche Boerse AG","Germany","Euro","Alternative Energy","SMA Solar Technology","Active",
"SMARTBROKER HOLDING K","D:SB1","SB1G.F","21.02.2006","2006","Equities","Deutsche Boerse AG","Germany","Euro","Finance and Credit Services","Smartbroker Holding K","Active",
"SNP SCHNNEUR.& PTN.","D:SHF","SHFG.F","03.04.2000","2000","Equities","Deutsche Boerse AG","Germany","Euro","Software and Computer Services","SNP Schneider-Neureither and Partner","Active",
"STABILUS","D:STM","STM1.F","22.05.2014","2014","Equities","Deutsche Boerse AG","Germany","Euro","Industrial Engineering","Stabilus","Active",
"STEICO","D:ST5","ST5G.F","22.06.2007","2007","Equities","Deutsche Boerse AG","Germany","Euro","Construction and Materials","Steico","Active",
"STEMMER IMAGING","D:S9I","S9I.H","26.02.2018","2018","Equities","Hamburg","Germany","Euro","Technology Hardware and Equipment","Stemmer Imaging","Active",
"STINAG STUTTGART INVEST","D:STG","STGG.F^D26","26.09.1988","1988","Equities","Deutsche Boerse AG","Germany","Euro","Life Insurance","Stinag Stuttgart Invest","Active",
"STRATEC","D:SBS","SBSG.F","25.08.1998","1998","Equities","Deutsche Boerse AG","Germany","Euro","Medical Equipment and Services","Stratec","Active",
"SUEDWESTDEUTSCHE SALZWERKE","D:SSH","SSHG.F","03.10.1988","1988","Equities","Deutsche Boerse AG","Germany","Euro","Industrial Metals and Mining","Suedwestdeutsche Salzwerke","Active",
"SUSS MICROTEC N","D:SMHN","SMHNn.F","17.05.1999","1999","Equities","Deutsche Boerse AG","Germany","Euro","Technology Hardware and Equipment","Suss Microtec N","Active",
"TEAMVIEWER","D:TMV","TMV.F","25.09.2019","2019","Equities","Deutsche Boerse AG","Germany","Euro","Software and Computer Services","Teamviewer","Active",
"TECHNOTRANS","D:TTR1","TTRGn.F","09.03.1998","1998","Equities","Deutsche Boerse AG","Germany","Euro","Industrial Engineering","Technotrans","Active",
"TELE COLUMBUS","D:TC1","TC1n.H","22.01.2015","2015","Equities","Hamburg","Germany","Euro","Telecommunications Service Providers","Tele Columbus","Active",
"THYSSENKRUPP NUCERA","D:NCH2","NCH2.F","07.07.2023","2023","Equities","Deutsche Boerse AG","Germany","Euro","Alternative Energy","ThyssenKrupp Nucera","Active",
"TIN INN N","D:TIW","TIWn.F","19.05.2025","2025","Equities","Deutsche Boerse AG","Germany","Euro","Travel and Leisure","Tin Inn N","Active",
"TLG IMMOBILIEN","D:TLG","TLGG.H","23.10.2014","2014","Equities","Hamburg","Germany","Euro","Real Estate Investment and Services","TLG Immobilien","Active",
"TONIES","D:TNIE","TNIE.F","30.04.2021","2021","Equities","Deutsche Boerse AG","Germany","Euro","Leisure Goods","Tonies","Active",
"UZIN UTZ","D:UZU","UZU.F","14.10.1997","1997","Equities","Deutsche Boerse AG","Germany","Euro","Construction and Materials","Uzin UTZ","Active",
"VA-Q-TEC","D:VQT","VQTG.H","29.09.2016","2016","Equities","Hamburg","Germany","Euro","General Industrials","Virginia-Q-Tec","Active",
"VIB VERMOEGEN N","D:VIH1","VIH1n.F","28.11.2005","2005","Equities","Deutsche Boerse AG","Germany","Euro","Real Estate Investment and Services","VIB Vermoegen N","Active",
"VINCORION","D:V1NC","V1NC.F","20.03.2026","2026","Equities","Deutsche Boerse AG","Germany","Euro","Aerospace and Defense","Vincorion","Active",
"VOSSLOH","D:VOS","VOSG.F","14.06.1990","1990","Equities","Deutsche Boerse AG","Germany","Euro","Industrial Transportation","Vossloh","Active",
"WACKER NEUSON N","D:WAC","WACGn.F","14.05.2007","2007","Equities","Deutsche Boerse AG","Germany","Euro","Industrial Engineering","Wacker Neuson N","Active",
"WASHTEC","D:WSU","WSU.F","12.11.1997","1997","Equities","Deutsche Boerse AG","Germany","Euro","Industrial Engineering","Washtec","Active",
"WCM BETEILIGUNGS UND GRUNDBESITZ K","D:WCMK","WCMk.H","23.09.1993","1993","Equities","Hamburg","Germany","Euro","Real Estate Investment and Services","WCM Beteiligungs und Grundbesitz K","Active",
"WESTWING GROUP","D:WEW","WEW.F","09.10.2018","2018","Equities","Deutsche Boerse AG","Germany","Euro","Retailers","Westwing Group","Active",
"WILD BUNCH","D:WBAH","WBAHk.F","28.01.1999","1999","Equities","Deutsche Boerse AG","Germany","Euro","Media","Wild Bunch","Active",
"WUESTENROT & WUERTT.","D:WUW","WUWGn.F","01.01.1973","1973","Equities","Deutsche Boerse AG","Germany","Euro","Investment Banking and Brokerage Services","Wuestenrot and Wuerttembergische","Active",
"ZEAL NETWORK N","D:TIMA","TIMAn.F","11.10.2005","2005","Equities","Deutsche Boerse AG","Germany","Euro","Travel and Leisure","Zeal Network N","Active",
"ZOOPLUS","D:ZO1","ZO1G.H","08.05.2008","2008","Equities","Hamburg","Germany","Euro","Retailers","Zooplus","Active",
"AHT SYNGAS (XET) TECHNOLOGY","D:3SQ1X","3SQ1.DE","01.03.2024","2024","Equities","Xetra","Germany","Euro","Investment Banking and Brokerage Services","AHT Syngas (XETRA) Technology","Active",
"AVEMIO N (XET)","D:AV2X","AV2n.DE","22.05.2023","2023","Equities","Xetra","Germany","Euro","Industrial Support Services","Avemio N (XETRA)","Active",
"BIO-GATE K (XET)","D:BIG1X","BIG1k.DE","13.05.2021","2021","Equities","Xetra","Germany","Euro","Health Care Providers","Bio-Gate K (XETRA)","Active",
"CGRE (XET)","D:CGXX","CGX.DE","10.05.2024","2024","Equities","Xetra","Germany","Euro","Investment Banking and Brokerage Services","Cgre (XETRA)","Active",
"DOUGLAS N (XET)","D:DOUX","DOUn.DE","21.03.2024","2024","Equities","Xetra","Germany","Euro","Personal Goods","Douglas N (XETRA)","Active",
"INNOSCRIPTA (XET)","D:1INNX","1INN.DE","23.05.2025","2025","Equities","Xetra","Germany","Euro","Software and Computer Services","Innoscripta (XETRA)","Active",
"LEARND (XET)","D:LRNDX","LRND.DE","19.10.2021","2021","Equities","Xetra","Germany","Euro","Open End and Miscellaneous Investment Vehicles","Learnd (XETRA)","Active",
"LOGISTRI FASTIGHETS B","W:LGRF","LOGISTb.TE","23.10.2017","2017","Equities","Aktietorget","Germany","Swedish Krona","Real Estate Investment and Services","Logistri Fastighets B","Active",
"MEDONDO HOLDING (XET)","D:AMIX","AMI1.DE","01.02.2021","2021","Equities","Xetra","Germany","Euro","Industrial Support Services","Medondo Holding (XETRA)","Active",
"PLATFORM GROUP N (XET)","D:TPG0X","TPG0n.DE","29.10.2020","2020","Equities","Xetra","Germany","Euro","Retailers","Platform Group N (XETRA)","Active",
"PYRAMID K (XET)","D:M3B0X","M3B0k.DE","24.10.2006","2006","Equities","Xetra","Germany","Euro","Technology Hardware and Equipment","Pyramid K (XETRA)","Active",
"READCREST CAPITAL K(XET)","D:EXJ0X","EXJ0k.DE","04.09.2023","2023","Equities","Xetra","Germany","Euro","Media","Readcrest Capital K (XETRA)","Active",
"SBF K (XET)","D:CY1KX","CY1k.DE","01.12.2020","2020","Equities","Xetra","Germany","Euro","Electronic and Electrical Equipment","SBF K (XETRA)","Active",
"THE PAYMENTS GROUP (XET) N","D:PGHX","PGHn.DE","11.11.2015","2015","Equities","Xetra","Germany","Euro","Investment Banking and Brokerage Services","The Payments Group (XETRA) N","Active",
"UNI.SEC.SOL.GEN PAR GENUSSCHEINE SHARES","D:U4SC","U4SCg.MU^D22","08.01.2020","2020","Equities","Munich","Germany","Euro","Investment Banking and Brokerage Services","Uni Sociedad en Commandita Solothurn General Par Genusscheine Shares","Active",
"VIROMED MEDICAL N (XET)","D:VMEX","VMEn.DE","02.09.2024","2024","Equities","Xetra","Germany","Euro","Investment Banking and Brokerage Services","Viromed Medical N (XETRA)","Active",
"029 GROUP (XET)","D:Z29X","Z29.DE","10.10.2022","2022","Equities","Xetra","Germany","Euro","Software and Computer Services","029 Group (XETRA)","Active",
"1&1 (XET)","D:1U1X","1U1.DE","12.10.1998","1998","Equities","Xetra","Germany","Euro","Telecommunications Service Providers","1 and 1 (XETRA)","Active",
"11 88 0 SOLUTIONS","D:TGT","TGTG.F","21.04.1999","1999","Equities","Deutsche Boerse AG","Germany","Euro","Industrial Support Services","11 88 0 Solutions","Active",
"11 88 0 SOLUTIONS (XET)","D:TGTX","TGTG.DE","23.04.1999","1999","Equities","Xetra","Germany","Euro","Industrial Support Services","11 88 0 Solutions (XETRA)","Active",
"123FAHRSCHULE","D:123F","123F.F","14.10.2020","2020","Equities","Deutsche Boerse AG","Germany","Euro","Consumer Services","123FAHRSCHULE","Active",
"123FAHRSCHULE (XET)","D:123FX","123F.DE","02.11.2021","2021","Equities","Xetra","Germany","Euro","Consumer Services","123FAHRSCHULE (XETRA)","Active",
"2G ENERGY (XET)","D:2GBX","2GBG.DE","30.07.2007","2007","Equities","Xetra","Germany","Euro","Alternative Energy","2G Energy (XETRA)","Active",
"2INVEST N","D:2INV","2INVn.F","10.08.2000","2000","Equities","Deutsche Boerse AG","Germany","Euro","Pharmaceuticals and Biotechnology","2INVEST N","Active",
"3U HOLDING","D:UUU","UUUG.F","24.11.1999","1999","Equities","Deutsche Boerse AG","Germany","Euro","Construction and Materials","3U Holding","Active",
"3U HOLDING (XET)","D:UUUX","UUUG.DE","26.11.1999","1999","Equities","Xetra","Germany","Euro","Construction and Materials","3U Holding (XETRA)","Active",
"7C SOLARPARKEN K","D:HRPK","HRPKk.F","07.12.2000","2000","Equities","Deutsche Boerse AG","Germany","Euro","Electricity","7C Solarparken K","Active",
"7C SOLARPARKEN K (XET)","D:HRPKX","HRPKk.DE","21.02.2005","2005","Equities","Xetra","Germany","Euro","Electricity","7C Solarparken K (XETRA)","Active",
"A I S","D:LUM","LUMG.F","07.10.1996","1996","Equities","Deutsche Boerse AG","Germany","Euro","Waste and Disposal Services","A I S","Active",
"A S CREATION (XET)","D:ACWNX","ACWNn.DE","24.02.1999","1999","Equities","Xetra","Germany","Euro","Household Goods and Home Construction","A S Creation (XETRA)","Active",
"A S CREATION TAPETEN","D:ACWN","ACWNn.F","18.05.1998","1998","Equities","Deutsche Boerse AG","Germany","Euro","Household Goods and Home Construction","A S Creation Tapeten","Active",
"AAP IMPLANTATE K","D:AAQ1","AAQ1k.F","07.05.1999","1999","Equities","Deutsche Boerse AG","Germany","Euro","Medical Equipment and Services","AAP Implantate K","Active",
"AAP IMPLANTATE K (XET)","D:AAQ1X","AAQ1k.DE","11.05.1999","1999","Equities","Xetra","Germany","Euro","Medical Equipment and Services","AAP Implantate K (XETRA)","Active",
"ABO ENERGY","D:AB9","AB9.F","24.09.2012","2012","Equities","Deutsche Boerse AG","Germany","Euro","Alternative Energy","ABO Energy","Active",
"ABO ENERGY (XET)","D:AB9X","AB9.DE","01.04.2020","2020","Equities","Xetra","Germany","Euro","Alternative Energy","ABO Energy (XETRA)","Active",
"ABO KRAFT & W RME N","D:XX10","XX10k.H","25.09.2023","2023","Equities","Hamburg","Germany","Euro","Alternative Energy","ABO Kraft and W RME N","Active",
"ACCENTRO REAL ESTATE K","D:A4Y0","A4Y0k.F","30.03.2007","2007","Equities","Deutsche Boerse AG","Germany","Euro","Real Estate Investment and Services","Accentro Real Estate K","Active",
"ACONNIC","D:CFC","CFCG.F","13.12.2006","2006","Equities","Deutsche Boerse AG","Germany","Euro","Investment Banking and Brokerage Services","Aconnic","Active",
"ACONNIC (XET)","D:CFCX","CFCG.DE","13.12.2006","2006","Equities","Xetra","Germany","Euro","Investment Banking and Brokerage Services","Aconnic (XETRA)","Active",
"ACTION PRESS","D:AQP1","AQP1.D","27.05.2021","2021","Equities","Duesseldorf","Germany","Euro","Software and Computer Services","Action Press","Active",
"ACTIVA RESOURCES","D:NXI","NXIG.H","16.07.2004","2004","Equities","Hamburg","Germany","Euro","Real Estate Investment Trusts","Activa Resources","Active",
"AD PEPPER MEDIA (XET) INTL.","D:APMX","APME.DE","06.10.2000","2000","Equities","Xetra","Germany","Euro","Media","AD Pepper Media (XETRA) International","Active",
"AD PEPPER MEDIA INTL.","D:APM","APME.F","06.10.2000","2000","Equities","Deutsche Boerse AG","Germany","Euro","Media","AD Pepper Media International","Active",
"ADCAPITAL","D:ADC","ADCG.F","26.09.1988","1988","Equities","Deutsche Boerse AG","Germany","Euro","Investment Banking and Brokerage Services","Adcapital","Active",
"ADESSO (XET)","D:ADN1X","ADNGk.DE","20.06.2000","2000","Equities","Xetra","Germany","Euro","Software and Computer Services","Adesso (XETRA)","Active",
"ADIDAS (XET)","D:ADSX","ADSGn.DE","24.04.1996","1996","Equities","Xetra","Germany","Euro","Personal Goods","Adidas (XETRA)","Active",
"ADLER GROUP","D:ADJ","ADJ.F","23.07.2015","2015","Equities","Deutsche Boerse AG","Germany","Euro","Real Estate Investment and Services","Adler Group","Active",
"ADLER GROUP (XET)","D:ADJX","ADJ.DE","23.07.2015","2015","Equities","Xetra","Germany","Euro","Real Estate Investment and Services","Adler Group (XETRA)","Active",
"ADM HAMBURG","D:OEL","OELG.F","26.09.1988","1988","Equities","Deutsche Boerse AG","Germany","Euro","Food Producers","ADM Hamburg","Active",
"ADTRAN NETWORKS (XET)","D:ADVX","ADVG.DE","30.03.1999","1999","Equities","Xetra","Germany","Euro","Telecommunications Equipment","Adtran Networks (XETRA)","Active",
"ADVANCED BITCOIN TECHNOLOGIES","D:ABT","ABT1.D","05.08.2019","2019","Equities","Duesseldorf","Germany","Euro","Software and Computer Services","Advanced Bitcoin Technologies","Active",
"ADVANCED BLOCKCHAIN","D:ABX","ABXG.F","05.10.2017","2017","Equities","Deutsche Boerse AG","Germany","Euro","Investment Banking and Brokerage Services","Advanced Blockchain","Active",
"ADVANCED BLOCKCHAIN(XET)","D:ABXX","ABXG.DE","01.07.2019","2019","Equities","Xetra","Germany","Euro","Investment Banking and Brokerage Services","Advanced Blockchain (XETRA)","Active",
"AERONICS NEURA SYSTEM","D:ICP","ICPG.F","29.10.1999","1999","Equities","Deutsche Boerse AG","Germany","Euro","Telecommunications Equipment","Aeronics Neura System","Active",
"AGROB IMMOBILIEN","D:AGR","AGRG.F","01.01.1973","1973","Equities","Deutsche Boerse AG","Germany","Euro","Real Estate Investment and Services","Agrob Immobilien","Active",
"AHLERS","D:AAH","AAHG.F","02.06.1987","1987","Equities","Deutsche Boerse AG","Germany","Euro","Personal Goods","Ahlers","Active",
"AHT SYNGAS TECHNOLOGY","D:3SQ1","3SQ1.F","29.11.2007","2007","Equities","Deutsche Boerse AG","Germany","Euro","Investment Banking and Brokerage Services","AHT Syngas Technology","Active",
"AIFINYO N","D:EBEN","EBEn.H","19.12.2018","2018","Equities","Hamburg","Germany","Euro","Finance and Credit Services","Aifinyo N","Active",
"AIXTRON (XET)","D:AIXAX","AIXGn.DE","12.10.1998","1998","Equities","Xetra","Germany","Euro","Technology Hardware and Equipment","Aixtron (XETRA)","Active",
"AKTIENBRAUEREI KAUFBEUREN","D:ABK","ABKG.MU","26.09.1988","1988","Equities","Munich","Germany","Euro","Beverages","Aktienbrauerei Kaufbeuren","Active",
"ALBA","D:ABA","ABAG.H","22.06.1998","1998","Equities","Hamburg","Germany","Euro","Pharmaceuticals and Biotechnology","Alba","Active",
"ALBIS LEASING","D:ALG","MTVG.F","26.09.1988","1988","Equities","Deutsche Boerse AG","Germany","Euro","Industrial Transportation","Albis Leasing","Active",
"ALBIS LEASING (XET)","D:ALGX","MTVG.DE","03.01.2000","2000","Equities","Xetra","Germany","Euro","Industrial Transportation","Albis Leasing (XETRA)","Active",
"ALEIA HOLDING","D:EBGK","EBGKk.H","31.12.2010","2010","Equities","Hamburg","Germany","Euro","Industrial Engineering","Aleia Holding","Active",
"ALEXANDERWERK","D:ALXA","ALXA.F","26.09.1988","1988","Equities","Deutsche Boerse AG","Germany","Euro","Industrial Engineering","Alexanderwerk","Active",
"ALGENE HOLDING","D:AV4","AV4.D","05.11.2025","2025","Equities","Duesseldorf","Germany","Euro","Investment Banking and Brokerage Services","Algene Holding","Active",
"ALL FOR ONE GROUP N","D:A1OS","A1OS.F","27.11.1998","1998","Equities","Deutsche Boerse AG","Germany","Euro","Software and Computer Services","All for One Group N","Active",
"ALL FOR ONE GROUP N(XET)","D:A1OSX","A1OS.DE","01.12.1998","1998","Equities","Xetra","Germany","Euro","Software and Computer Services","All for One Group N (XETRA)","Active",
"ALLERTHAL-WERKE","D:ATW","ATWG.SG","04.01.1991","1991","Equities","Stuttgart","Germany","Euro","Investment Banking and Brokerage Services","Allerthal-Werke","Active",
"ALLGAEUER BRAUHAUS","D:ALB","ALBG.MU","26.09.1988","1988","Equities","Munich","Germany","Euro","Beverages","Allgaeuer Brauhaus","Active",
"ALLGEIER (XET)","D:AEINX","AEIGn.DE","10.07.2000","2000","Equities","Xetra","Germany","Euro","Software and Computer Services","Allgeier (XETRA)","Active",
"ALLGEIER N","D:AEIN","AEIGn.F","10.07.2000","2000","Equities","Deutsche Boerse AG","Germany","Euro","Software and Computer Services","Allgeier N","Active",
"ALLIANZ (XET)","D:ALVX","ALVG.DE","01.07.1991","1991","Equities","Xetra","Germany","Euro","Non-life Insurance","Allianz (XETRA)","Active",
"ALPHAFORM","@AFRMF","AFRMF.PK","07.02.2014","2014","Equities","Non NASDAQ OTC","Germany","United States Dollar","Software and Computer Services","Alphaform","Active",
"ALTECH ADVANCED MATERIALS K","D:AMA0","AMA0k.F","12.07.2011","2011","Equities","Deutsche Boerse AG","Germany","Euro","Industrial Materials","Altech Advanced Materials K","Active",
"ALZCHEM (XET)","D:ACTX","ACT1.DE","05.10.2017","2017","Equities","Xetra","Germany","Euro","Chemicals","Alzchem (XETRA)","Active",
"AMADEUS FIRE","D:AAD","AMDG.F","03.03.1999","1999","Equities","Deutsche Boerse AG","Germany","Euro","Industrial Support Services","Amadeus Fire","Active",
"AMADEUS FIRE (XET)","D:AADX","AMDG.DE","30.03.1999","1999","Equities","Xetra","Germany","Euro","Industrial Support Services","Amadeus Fire (XETRA)","Active",
"AQUAMONDI","D:APQ","APQG.D","31.01.2007","2007","Equities","Duesseldorf","Germany","Euro","Investment Banking and Brokerage Services","Aquamondi","Active",
"ARBITRAGE INVESTMENT","D:L1A","L1A.H","08.06.2006","2006","Equities","Hamburg","Germany","Euro","Investment Banking and Brokerage Services","Arbitrage Investment","Active",
"ARCANDOR","D:ARO","AROG.D","01.01.1973","1973","Equities","Duesseldorf","Germany","Euro","Pharmaceuticals and Biotechnology","Arcandor","Active",
"ARDILLA SEGUR PAR","D:7AS1","7AS1g.F","16.11.2017","2017","Equities","Deutsche Boerse AG","Germany","Euro","Open End and Miscellaneous Investment Vehicles","Ardilla Segur Par","Active",
"ARENIT INDUSTRIE SDR","W:ARI1","ARENITsdb.ST","17.03.2026","2026","Equities","Stockholm","Germany","Swedish Krona","Industrial Engineering","Arenit Industrie SDR","Active",
"ARI MOTORS INDUSTRIES","D:ARI","ARIG.F","20.07.2023","2023","Equities","Deutsche Boerse AG","Germany","Euro","Automobiles and Parts","ARI Motors Industries","Active",
"ARN GEORG","D:ARN","ARNG.D","26.09.1988","1988","Equities","Duesseldorf","Germany","Euro","Real Estate Investment and Services","ARN Georg","Active",
"ARTEC TECHNOLOGIES","D:A6T","A6TG.F","06.07.2006","2006","Equities","Deutsche Boerse AG","Germany","Euro","Electronic and Electrical Equipment","Artec Technologies","Active",
"ARTEC TECHNOLOGIES (XET)","D:A6TX","A6TG.DE","06.07.2006","2006","Equities","Xetra","Germany","Euro","Electronic and Electrical Equipment","Artec Technologies (XETRA)","Active",
"ARZNEIWERK","D:TLIK","TLIK.F","29.06.1998","1998","Equities","Deutsche Boerse AG","Germany","Euro","Telecommunications Service Providers","Arzneiwerk","Active",
"ASCORY BANK N","D:VG80","VG80n.F","19.03.2007","2007","Equities","Deutsche Boerse AG","Germany","Euro","Investment Banking and Brokerage Services","Ascory Bank N","Active",
"ASCORY BANK N (XET)","D:VG80X","VG80n.DE","19.03.2007","2007","Equities","Xetra","Germany","Euro","Investment Banking and Brokerage Services","Ascory Bank N (XETRA)","Active",
"ATOSS SOFTWARE (XET)","D:AOFX","AOFG.DE","21.03.2000","2000","Equities","Xetra","Germany","Euro","Software and Computer Services","Atoss Software (XETRA)","Active",
"AUDIUS N","D:3ITN","3ITn.F","03.12.2007","2007","Equities","Deutsche Boerse AG","Germany","Euro","Software and Computer Services","Audius N","Active",
"AUDIUS N (XET)","D:3ITNX","3ITn.DE","18.05.2021","2021","Equities","Xetra","Germany","Euro","Software and Computer Services","Audius N (XETRA)","Active",
"AUMANN","D:AAG","AAGG.F","23.03.2017","2017","Equities","Deutsche Boerse AG","Germany","Euro","Industrial Engineering","Aumann","Active",
"AUMANN (XET)","D:AAGX","AAGG.DE","24.03.2017","2017","Equities","Xetra","Germany","Euro","Industrial Engineering","Aumann (XETRA)","Active",
"AUMOVIO N (XET)","D:AMV0X","AMV0n.DE","18.09.2025","2025","Equities","Xetra","Germany","Euro","Automobiles and Parts","Aumovio N (XETRA)","Active",
"AURUBIS (XET)","D:NDAX","NAFG.DE","16.10.1998","1998","Equities","Xetra","Germany","Euro","Industrial Metals and Mining","Aurubis (XETRA)","Active",
"AUTO DE N","D:C900","C900n.D","22.06.2020","2020","Equities","Duesseldorf","Germany","Euro","Software and Computer Services","Auto de N","Active",
"AUTO1 GROUP (XET)","D:AG1X","AG1G.DE","04.02.2021","2021","Equities","Xetra","Germany","Euro","Retailers","AUTO1 Group (XETRA)","Active",
"AVEMIO N","D:AV2","AV2n.F","21.05.2019","2019","Equities","Deutsche Boerse AG","Germany","Euro","Industrial Support Services","Avemio N","Active",
"AXENDIS CAPITAL","D:9D6","9D6.D","19.05.2021","2021","Equities","Duesseldorf","Germany","Euro","Investment Banking and Brokerage Services","Axendis Capital","Active",
"AXENIO","D:MK30","MK30.D","07.05.2019","2019","Equities","Duesseldorf","Germany","Euro","Real Estate Investment and Services","Axenio","Active",
"B M P PHARMA TRADING","D:BMP","BMPG.SG","09.05.2000","2000","Equities","Stuttgart","Germany","Euro","Pharmaceuticals and Biotechnology","B M P Pharma Trading","Active",
"B+S BANKSYSTEME","D:DTD2","DTDGk.F","06.11.1998","1998","Equities","Deutsche Boerse AG","Germany","Euro","Software and Computer Services","B + S Banksysteme","Active",
"B+S BANKSYSTEME (XET)","D:DTD2X","DTDGk.DE","10.11.1998","1998","Equities","Xetra","Germany","Euro","Software and Computer Services","B + S Banksysteme (XETRA)","Active",
"B-A-L GERMANY","D:BAM0","BAM0.D","23.05.2025","2025","Equities","Duesseldorf","Germany","Euro","Real Estate Investment and Services","B-A-L Germany","Active",
"BAADER BANK (XET)","D:BWBX","BLMG.DE","12.10.1998","1998","Equities","Xetra","Germany","Euro","Investment Banking and Brokerage Services","Baader Bank (XETRA)","Active",
"BACKBONE TECHNOLOGY","D:AO9","AO9G.MU","30.08.2007","2007","Equities","Munich","Germany","Euro","Investment Banking and Brokerage Services","Backbone Technology","Active",
"BASF (XET)","D:BASX","BASFn.DE","01.07.1991","1991","Equities","Xetra","Germany","Euro","Chemicals","BASF (XETRA)","Active",
"BASLER (XET)","D:BSLX","BSLG.DE","24.03.1999","1999","Equities","Xetra","Germany","Euro","Electronic and Electrical Equipment","Basler (XETRA)","Active",
"BASTEI LUEBBE","D:BST","BST1.F","07.10.2013","2013","Equities","Deutsche Boerse AG","Germany","Euro","Media","Bastei Luebbe","Active",
"BASTEI LUEBBE (XET)","D:BSTX","BST1.DE","08.10.2013","2013","Equities","Xetra","Germany","Euro","Media","Bastei Luebbe (XETRA)","Active",
"BAUMOT GROUP","D:TINC","TINCk.H","21.03.2007","2007","Equities","Hamburg","Germany","Euro","Electricity","Baumot Group","Active",
"BAVARIA VET.CAP.& TRD.","D:B9V","B9VG.H","20.12.2006","2006","Equities","Hamburg","Germany","Euro","Investment Banking and Brokerage Services","Bavaria Venture Capital and Trade","Active",
"BAYER (XET)","D:BAYNX","BAYGn.DE","01.07.1991","1991","Equities","Xetra","Germany","Euro","Pharmaceuticals and Biotechnology","Bayer (XETRA)","Active",
"BAYWA VINK (XET)","D:BYW6X","BYWGnx.DE","28.12.2001","2001","Equities","Xetra","Germany","Euro","Industrial Support Services","Baywa Vink (XETRA)","Active",
"BECHTLE (XET)","D:BC8X","BC8G.DE","29.03.2000","2000","Equities","Xetra","Germany","Euro","Software and Computer Services","Bechtle (XETRA)","Active",
"BEFESA (XET)","D:BFSAX","BFSA.DE","02.11.2017","2017","Equities","Xetra","Germany","Euro","Waste and Disposal Services","Befesa (XETRA)","Active",
"BEIERSDORF (XET)","D:BEIX","BEIG.DE","22.01.1996","1996","Equities","Xetra","Germany","Euro","Personal Care, Drug and Grocery Stores","Beiersdorf (XETRA)","Active",
"BENO HOLDING (MUN)","D:BENH","BEN1.MU","29.09.2020","2020","Equities","Munich","Germany","Euro","Real Estate Investment and Services","Beno Holding (Munich)","Active",
"BENO HOLDING (XET)","D:BENHX","BEN1.DE","17.04.2026","2026","Equities","Xetra","Germany","Euro","Real Estate Investment and Services","Beno Holding (XETRA)","Active",
"BERENTZEN-GRUPPE","D:BEZ","BEZ.F","30.09.2015","2015","Equities","Deutsche Boerse AG","Germany","Euro","Beverages","Berentzen-Gruppe","Active",
"BERENTZEN-GRUPPE (XET)","D:BEZX","BEZ.DE","09.10.2015","2015","Equities","Xetra","Germany","Euro","Beverages","Berentzen-Gruppe (XETRA)","Active",
"BERTRANDT","D:BDT","BDTG.F","01.10.1996","1996","Equities","Deutsche Boerse AG","Germany","Euro","Construction and Materials","Bertrandt","Active",
"BERTRANDT (XET)","D:BDTX","BDTG.DE","12.10.1998","1998","Equities","Xetra","Germany","Euro","Construction and Materials","Bertrandt (XETRA)","Active",
"BET AT HOME COM","D:ACX","ARTG.F","30.12.2004","2004","Equities","Deutsche Boerse AG","Germany","Euro","Travel and Leisure","Bet At Home Com","Active",
"BET AT HOME COM (XET)","D:ACXX","ARTG.DE","23.12.2005","2005","Equities","Xetra","Germany","Euro","Travel and Leisure","Bet At Home Com (XETRA)","Active",
"BET.IM BALTIKUM","D:BI7","BI7G.MU","26.01.2004","2004","Equities","Munich","Germany","Euro","Investment Banking and Brokerage Services","Beteiligung IM Baltikum","Active",
"BETA SYSTEMS SOFTWARE","D:SPT6","SPT6.F","04.08.1998","1998","Equities","Deutsche Boerse AG","Germany","Euro","Investment Banking and Brokerage Services","Beta Systems Software","Active",
"BHB BHDG.BAYERN-MITTE","D:B9B","B9BG.F","09.07.2010","2010","Equities","Deutsche Boerse AG","Germany","Euro","Beverages","BHB Brauholding Bayern-Mitte","Active",
"BIGREP","D:B1GR","B1GR.F","31.10.2023","2023","Equities","Deutsche Boerse AG","Germany","Euro","Open End and Miscellaneous Investment Vehicles","Bigrep","Active",
"BIJOU BRIGITTE (XET) MODISCHE ACCESSOIRES","D:BIJX","BIJG.DE","19.03.1999","1999","Equities","Xetra","Germany","Euro","Retailers","Bijou Brigitte (XETRA) Modische Accessoires","Active",
"BIKE24 HOLDING","D:BIKE","BIKE.F","25.06.2021","2021","Equities","Deutsche Boerse AG","Germany","Euro","Retailers","BIKE24 Holding","Active",
"BIKE24 HOLDING (XET)","D:BIKEX","BIKE.DE","25.06.2021","2021","Equities","Xetra","Germany","Euro","Retailers","BIKE24 Holding (XETRA)","Active",
"BILFINGER BERGER (XET)","D:GBFX","GBFG.DE","22.01.1996","1996","Equities","Xetra","Germany","Euro","Construction and Materials","Bilfinger Berger (XETRA)","Active",
"BINECT","D:MA10","MA10.F","27.11.2006","2006","Equities","Deutsche Boerse AG","Germany","Euro","Investment Banking and Brokerage Services","Binect","Active",
"BINECT (XET)","D:MA10X","MA10.DE","27.11.2006","2006","Equities","Xetra","Germany","Euro","Investment Banking and Brokerage Services","Binect (XETRA)","Active",
"BIO-GATE K (FRA)","D:BIG1","BIG1k.F","04.04.2006","2006","Equities","Deutsche Boerse AG","Germany","Euro","Health Care Providers","Bio-Gate K (Frankfurt)","Active",
"BIOFRONTERA N","D:B8FK","B8FKn.F","30.10.2006","2006","Equities","Deutsche Boerse AG","Germany","Euro","Pharmaceuticals and Biotechnology","Biofrontera N","Active",
"BIOFRONTERA N (XET)","D:B8FKX","B8FKn.DE","30.10.2006","2006","Equities","Xetra","Germany","Euro","Pharmaceuticals and Biotechnology","Biofrontera N (XETRA)","Active",
"BIOXXMED K","D:T5O","T5Ok.F","12.12.2006","2006","Equities","Deutsche Boerse AG","Germany","Euro","Oil, Gas and Coal","Bioxxmed K","Active",
"BLOXOLID","D:MON","MONG.SG","15.05.2001","2001","Equities","Stuttgart","Germany","Euro","Industrial Support Services","Bloxolid","Active",
"BLUE CAP","D:B7E","B7EG.F","09.10.2006","2006","Equities","Deutsche Boerse AG","Germany","Euro","Investment Banking and Brokerage Services","Blue Cap","Active",
"BLUE CAP (XET)","D:B7EX","B7EG.DE","09.10.2006","2006","Equities","Xetra","Germany","Euro","Investment Banking and Brokerage Services","Blue Cap (XETRA)","Active",
"BMW (XET)","D:BMWX","BMWG.DE","01.07.1991","1991","Equities","Xetra","Germany","Euro","Automobiles and Parts","BMW (XETRA)","Active",
"BORUSSIA DORTMUND (XET)","D:BVBX","BVB.DE","30.10.2000","2000","Equities","Xetra","Germany","Euro","Travel and Leisure","Borussia Dortmund (XETRA)","Active",
"BOSS (HUGO) (XET)","D:BOSSX","BOSSn.DE","23.04.1999","1999","Equities","Xetra","Germany","Euro","Personal Goods","Boss (Hugo) (XETRA)","Active",
"BRAIN BIOTECH N","D:BNN","BNNn.F","03.02.2016","2016","Equities","Deutsche Boerse AG","Germany","Euro","Chemicals","Brain Biotechnology N","Active",
"BRAIN BIOTECH N (XET)","D:BNNX","BNNn.DE","14.03.2016","2016","Equities","Xetra","Germany","Euro","Chemicals","Brain Biotechnology N (XETRA)","Active",
"BRANICKS GROUP N","D:BRNK","BRNKn.F","06.05.2003","2003","Equities","Deutsche Boerse AG","Germany","Euro","Real Estate Investment and Services","Branicks Group N","Active",
"BRANICKS GROUP N (XET)","D:BRNKX","BRNKn.DE","13.04.2006","2006","Equities","Xetra","Germany","Euro","Real Estate Investment and Services","Branicks Group N (XETRA)","Active",
"BREMER LAGERHAUS GESELLSCHAFT","D:BLH","BLHG.F","28.10.1988","1988","Equities","Deutsche Boerse AG","Germany","Euro","Industrial Transportation","Bremer Lagerhaus Gesellschaft","Active",
"BRENNTAG (XET)","D:BNRX","BNRGn.DE","26.03.2010","2010","Equities","Xetra","Germany","Euro","Chemicals","Brenntag (XETRA)","Active",
"BRILLIANT","D:BAG","BRLG.H","10.10.1989","1989","Equities","Hamburg","Germany","Euro","Alternative Energy","Brilliant","Active",
"BROCKHAUS (XET) TECHNOLOGIES N","D:BKHTX","BKHTn.DE","14.07.2020","2020","Equities","Xetra","Germany","Euro","Investment Banking and Brokerage Services","Brockhaus (XETRA) Technologies N","Active",
"BROCKHAUS TECHNOLOGIES N","D:BKHT","BKHTn.F","14.07.2020","2020","Equities","Deutsche Boerse AG","Germany","Euro","Investment Banking and Brokerage Services","Brockhaus Technologies N","Active",
"BRUDER MANNESMANN","D:BMM","BMMG.F","03.06.1996","1996","Equities","Deutsche Boerse AG","Germany","Euro","General Industrials","Bruder Mannesmann","Active",
"BUERG.BRAUH.RAVSBG.LIND.","D:BBR","BBRG.SG","28.10.1988","1988","Equities","Stuttgart","Germany","Euro","Beverages","Buergerliches Brauhaus Ravensburg Lindau","Active",
"CALVATIS PAR","D:28G","CISg.D","16.11.2017","2017","Equities","Duesseldorf","Germany","Euro","Household Goods and Home Construction","Calvatis Par","Active",
"CALVERT INTERNATIONAL","D:OJ2","OJ2.D","01.02.2022","2022","Equities","Duesseldorf","Germany","Euro","Industrial Support Services","Calvert International","Active",
"CAMERIT","D:RTML","RTML.F","22.11.2005","2005","Equities","Deutsche Boerse AG","Germany","Euro","Investment Banking and Brokerage Services","Camerit","Active",
"CANCOM (XET)","D:COKX","COKG.DE","17.09.1999","1999","Equities","Xetra","Germany","Euro","Software and Computer Services","Cancom (XETRA)","Active",
"CANNABIS DE MEDIA","D:9DD","9DD.D","29.04.2021","2021","Equities","Duesseldorf","Germany","Euro","Investment Banking and Brokerage Services","Cannabis de Media","Active",
"CANNOVUM CANNABIS K","D:27N0","27N0k.F","06.05.2021","2021","Equities","Deutsche Boerse AG","Germany","Euro","Pharmaceuticals and Biotechnology","Cannovum Cannabis K","Active",
"CANNOVUM CANNABIS K(XET)","D:27N0X","27N0k.DE","15.12.2022","2022","Equities","Xetra","Germany","Euro","Pharmaceuticals and Biotechnology","Cannovum Cannabis K (XETRA)","Active",
"CANTOURAGE GROUP","D:HIGH","HIGHG.F","11.11.2022","2022","Equities","Deutsche Boerse AG","Germany","Euro","Pharmaceuticals and Biotechnology","Cantourage Group","Active",
"CANTOURAGE GROUP (XET)","D:HIGHX","HIGHG.DE","11.11.2022","2022","Equities","Xetra","Germany","Euro","Pharmaceuticals and Biotechnology","Cantourage Group (XETRA)","Active",
"CAPSENSIXX","D:CPX","CPXG.F","21.06.2018","2018","Equities","Deutsche Boerse AG","Germany","Euro","Investment Banking and Brokerage Services","Capsensixx","Active",
"CARL ZEISS MEDITEC (XET)","D:AFXX","AFXG.DE","22.03.2000","2000","Equities","Xetra","Germany","Euro","Medical Equipment and Services","Carl Zeiss Meditec (XETRA)","Active",
"CARPEVIGO HOLDING","D:CV3","CV3.MU","27.02.2012","2012","Equities","Munich","Germany","Euro","Electricity","Carpevigo Holding","Active",
"CASH MEDIEN","D:MF8","MFCG.H","20.09.1999","1999","Equities","Hamburg","Germany","Euro","Media","Cash Medien","Active",
"CCS ABWICKLUNGS","D:C0M","C0M.F","21.10.2020","2020","Equities","Deutsche Boerse AG","Germany","Euro","Alternative Energy","CCS Abwicklungs","Active",
"CD DEUTSCHE EIGENHEIM K","D:D2BA","D2BAk.H","25.10.2005","2005","Equities","Hamburg","Germany","Euro","Household Goods and Home Construction","CD Deutsche Eigenheim K","Active",
"CECONOMY (XET)","D:CECX","CECG.DE","02.08.1996","1996","Equities","Xetra","Germany","Euro","Retailers","Ceconomy (XETRA)","Active",
"CENIT","D:CSH","CSHG.F","05.05.1998","1998","Equities","Deutsche Boerse AG","Germany","Euro","Software and Computer Services","Cenit","Active",
"CENIT (XET)","D:CSHX","CSHG.DE","12.10.1998","1998","Equities","Xetra","Germany","Euro","Software and Computer Services","Cenit (XETRA)","Active",
"CEOTRONICS","D:CEK","CEKG.F","06.11.1998","1998","Equities","Deutsche Boerse AG","Germany","Euro","Telecommunications Equipment","Ceotronics","Active",
"CEOTRONICS (XET)","D:CEKX","CEKG.DE","09.10.2019","2019","Equities","Xetra","Germany","Euro","Telecommunications Equipment","Ceotronics (XETRA)","Active",
"CERITECH N","D:37G","37Gn.D","05.11.2021","2021","Equities","Duesseldorf","Germany","Euro","Industrial Metals and Mining","Ceritech N","Active",
"CEWE COLOR HOLDING (XET)","D:CWCX","CWCG.DE","12.10.1998","1998","Equities","Xetra","Germany","Euro","Consumer Services","Cewe Color Holding (XETRA)","Active",
"CGRE","D:CGX","CGX.F","18.04.2008","2008","Equities","Deutsche Boerse AG","Germany","Euro","Investment Banking and Brokerage Services","Cgre","Active",
"CHAINLEDGER SYSTEMS","D:24I","24I.D","10.01.2024","2024","Equities","Duesseldorf","Germany","Euro","Investment Banking and Brokerage Services","Chainledger Systems","Active",
"CHAPTERS GROUP (XET)","D:CHGX","CHG1.DE","03.06.2005","2005","Equities","Xetra","Germany","Euro","Software and Computer Services","Chapters Group (XETRA)","Active",
"CHERRY","D:C3RY","C3RY.F","29.06.2021","2021","Equities","Deutsche Boerse AG","Germany","Euro","Technology Hardware and Equipment","Cherry","Active",
"CHERRY (XET)","D:C3RYX","C3RY.DE","29.06.2021","2021","Equities","Xetra","Germany","Euro","Technology Hardware and Equipment","Cherry (XETRA)","Active",
"CIRCUS","D:CA1","CA1.F","22.12.2023","2023","Equities","Deutsche Boerse AG","Germany","Euro","Consumer Services","Circus","Active",
"CIRCUS (XET)","D:CA1X","CA1.DE","22.01.2024","2024","Equities","Xetra","Germany","Euro","Consumer Services","Circus (XETRA)","Active",
"CLEARVISE (FRA)","D:ABO","ABOG.F","11.05.2011","2011","Equities","Deutsche Boerse AG","Germany","Euro","Alternative Energy","Clearvise (Frankfurt)","Active",
"CLEARVISE (XET)","D:ABOX","ABOG.DE","02.08.2021","2021","Equities","Xetra","Germany","Euro","Alternative Energy","Clearvise (XETRA)","Active",
"CLERE N","D:CAG0","CAG0n.H","22.11.1999","1999","Equities","Hamburg","Germany","Euro","Investment Banking and Brokerage Services","Clere N","Active",
"CLIQ DIGITAL N","D:CLIQ","CLIQn.F","28.11.2005","2005","Equities","Deutsche Boerse AG","Germany","Euro","Leisure Goods","Cliq Digital N","Active",
"CLIQ DIGITAL N (XET)","D:CLIQX","CLIQn.DE","05.12.2005","2005","Equities","Xetra","Germany","Euro","Leisure Goods","Cliq Digital N (XETRA)","Active",
"CO DON K","D:CNW","CNWk.F","13.02.2001","2001","Equities","Deutsche Boerse AG","Germany","Euro","Pharmaceuticals and Biotechnology","Company Don K","Active",
"COGIA","D:8HC","8HC.D","18.12.2020","2020","Equities","Duesseldorf","Germany","Euro","Industrial Support Services","Cogia","Active",
"COINIX GMBH & KGAA (DUS)","D:XCX","XCXG.D","02.12.2019","2019","Equities","Duesseldorf","Germany","Euro","Investment Banking and Brokerage Services","Coinix GMBH and KGaA (Dusseldorf)","Active",
"COMMERZBANK (XET)","D:CBKX","CBKG.DE","01.07.1991","1991","Equities","Xetra","Germany","Euro","Banks","Commerzbank (XETRA)","Active",
"CONSOLIDATED TECH","D:5KN","5KN.D","11.08.2021","2021","Equities","Duesseldorf","Germany","Euro","Investment Banking and Brokerage Services","Consolidated Technology","Active",
"CONSULTING TEAM HOLDING","D:5GG","5GG.D","03.11.2020","2020","Equities","Duesseldorf","Germany","Euro","Investment Banking and Brokerage Services","Consulting Team Holding","Active",
"CONTINENTAL (XET)","D:CONX","CONG.DE","09.07.1991","1991","Equities","Xetra","Germany","Euro","Automobiles and Parts","Continental (XETRA)","Active",
"CONVALUE","D:CUU","CUUG.D","14.10.2020","2020","Equities","Duesseldorf","Germany","Euro","Investment Banking and Brokerage Services","Convalue","Active",
"COREO K","D:COR","CORk.F","06.06.2005","2005","Equities","Deutsche Boerse AG","Germany","Euro","Electronic and Electrical Equipment","Coreo K","Active",
"CORESTATE CAPITAL (XET) HLDG.","D:CCAPX","CCAG.DE","04.10.2016","2016","Equities","Xetra","Germany","Euro","Real Estate Investment and Services","Corestate Capital (XETRA) Holding","Active",
"CORESTATE CAPITAL HLDG.","D:CCAP","CCAG.F","04.10.2016","2016","Equities","Deutsche Boerse AG","Germany","Euro","Real Estate Investment and Services","Corestate Capital Holding","Active",
"CPU SOFTWAREHOUSE","D:CPU2","CPUGk.F^A26","16.04.1999","1999","Equities","Deutsche Boerse AG","Germany","Euro","Investment Banking and Brokerage Services","CPU Softwarehouse","Active",
"CR ENERGY","D:CRZK","CRZK.F","30.09.2008","2008","Equities","Deutsche Boerse AG","Germany","Euro","Real Estate Investment and Services","CR Energy","Active",
"CREDITSHELF","D:CSQ0","CSQ0.F","25.07.2018","2018","Equities","Deutsche Boerse AG","Germany","Euro","Finance and Credit Services","Creditshelf","Active",
"CTS EVENTIM (XET)","D:EVDX","EVDG.DE","01.02.2000","2000","Equities","Xetra","Germany","Euro","Media","CTS Eventim (XETRA)","Active",
"CURASAN K","D:CURK","CURk.D","19.07.2000","2000","Equities","Duesseldorf","Germany","Euro","Media","Curasan K","Active",
"CYAN","D:CYR","CYR.F","23.03.2018","2018","Equities","Deutsche Boerse AG","Germany","Euro","Software and Computer Services","Cyan","Active",
"CYAN (XET)","D:CYRX","CYR.DE","28.03.2018","2018","Equities","Xetra","Germany","Euro","Software and Computer Services","Cyan (XETRA)","Active",
"DAIMLER TRUCK (XET) HOLDING E","D:DTGX","DTGGe.DE","10.12.2021","2021","Equities","Xetra","Germany","Euro","Industrial Transportation","Daimler Truck (XETRA) Holding E","Active",
"DALDRUP & SOHNE","D:4DS","4DSG.F","29.11.2007","2007","Equities","Deutsche Boerse AG","Germany","Euro","Oil, Gas and Coal","Daldrup and Sohne","Active",
"DALDRUP & SOHNE (XET)","D:4DSX","4DSG.DE","29.11.2007","2007","Equities","Xetra","Germany","Euro","Oil, Gas and Coal","Daldrup and Sohne (XETRA)","Active",
"DARWIN (MUN)","D:7V0","7V0.MU","02.11.2021","2021","Equities","Munich","Germany","Euro","Pharmaceuticals and Biotechnology","Darwin (Munich)","Active",
"DARWIN (XET)","D:7V0X","7V0.DE","01.08.2023","2023","Equities","Xetra","Germany","Euro","Pharmaceuticals and Biotechnology","Darwin (XETRA)","Active",
"DATA MODUL (XET) PRODUKTION UD.VERTRIEB","D:DAMX","DAMG.DE","19.10.1998","1998","Equities","Xetra","Germany","Euro","Technology Hardware and Equipment","Data Modul (XETRA) Produktion und Vertrieb","Active",
"DATA MODUL PRODUKTION UD.VERTRIEB","D:DAM","DAMG.F","29.11.1989","1989","Equities","Deutsche Boerse AG","Germany","Euro","Technology Hardware and Equipment","Data Modul Produktion und Vertrieb","Active",
"DATAGROUP (XET)","D:D6HX","D6HG.DE","13.09.2006","2006","Equities","Xetra","Germany","Euro","Software and Computer Services","Datagroup (XETRA)","Active",
"DATRON","D:DAR","DARG.F","12.04.2011","2011","Equities","Deutsche Boerse AG","Germany","Euro","Industrial Engineering","Datron","Active",
"DATRON (XET)","D:DARX","DARG.DE","12.04.2011","2011","Equities","Xetra","Germany","Euro","Industrial Engineering","Datron (XETRA)","Active",
"DCI DTB.FOR COM.& IND.","D:DCIK","DCIGk.F","10.03.2000","2000","Equities","Deutsche Boerse AG","Germany","Euro","Software and Computer Services","DCI Database for Commerce and Industry","Active",
"DEAG DEUTSCHE ENTERTAINMENT N","D:LOU","LOUn.H","11.09.1998","1998","Equities","Hamburg","Germany","Euro","Travel and Leisure","Deag Deutsche Entertainment N","Active",
"DEFAMA DEUTSCHE (XET) FACHMARKT","D:DEFX","DEF.DE","18.12.2017","2017","Equities","Xetra","Germany","Euro","Real Estate Investment and Services","Defama Deutsche (XETRA) Fachmarkt","Active",
"DEFAMA DEUTSCHE FACHMARKT","D:DEF","DEF.F","13.07.2016","2016","Equities","Deutsche Boerse AG","Germany","Euro","Real Estate Investment and Services","Defama Deutsche Fachmarkt","Active",
"DELIGNIT","D:DLX","DLXG.F","25.09.2007","2007","Equities","Deutsche Boerse AG","Germany","Euro","Industrial Materials","Delignit","Active",
"DELIGNIT (XET)","D:DLXX","DLXG.DE","25.09.2007","2007","Equities","Xetra","Germany","Euro","Industrial Materials","Delignit (XETRA)","Active",
"DELIVERY HERO (XET)","D:DHERX","DHER.DE","30.06.2017","2017","Equities","Xetra","Germany","Euro","Consumer Services","Delivery Hero (XETRA)","Active",
"DELTICOM","D:DEX","DEXGn.F","25.10.2006","2006","Equities","Deutsche Boerse AG","Germany","Euro","Automobiles and Parts","Delticom","Active",
"DELTICOM (XET)","D:DEXX","DEXGn.DE","25.10.2006","2006","Equities","Xetra","Germany","Euro","Automobiles and Parts","Delticom (XETRA)","Active",
"DEMIRE REAL ESTATE","D:DMRE","DMRE.F","25.07.2006","2006","Equities","Deutsche Boerse AG","Germany","Euro","Real Estate Investment and Services","Demire Real Estate","Active",
"DEMIRE REAL ESTATE (XET)","D:DMREX","DMRE.DE","25.07.2006","2006","Equities","Xetra","Germany","Euro","Real Estate Investment and Services","Demire Real Estate (XETRA)","Active",
"DERMAPHARM HOLDING (XET) SE","D:DMPX","DMPG.DE","09.02.2018","2018","Equities","Xetra","Germany","Euro","Pharmaceuticals and Biotechnology","Dermapharm Holding (XETRA) Securities","Active",
"DESSIXX","D:5KZ","5KZ.D","16.07.2021","2021","Equities","Duesseldorf","Germany","Euro","Investment Banking and Brokerage Services","Dessixx","Active",
"DEUFOL K","D:DE10","DE10k.H","27.04.1999","1999","Equities","Hamburg","Germany","Euro","Real Estate Investment Trusts","Deufol K","Active",
"DEUTSCHE BET. (XET)","D:DBANX","DBANn.DE","28.10.1998","1998","Equities","Xetra","Germany","Euro","Investment Banking and Brokerage Services","Deutsche Beteiligung (XETRA)","Active",
"DEUTSCHE BOERSE (XET)","D:DB1X","DB1Gn.DE","02.02.2001","2001","Equities","Xetra","Germany","Euro","Investment Banking and Brokerage Services","Deutsche Boerse (XETRA)","Active",
"DEUTSCHE DEFENCE (DUS) BETEILIGUNGEN","D:S14","S14.D","26.11.2021","2021","Equities","Duesseldorf","Germany","Euro","Investment Banking and Brokerage Services","Deutsche Defence (Dusseldorf) Beteiligungen","Active",
"DEUTSCHE EUROSHOP (XET)","D:DEQX","DEQGn.DE","29.12.2000","2000","Equities","Xetra","Germany","Euro","Real Estate Investment and Services","Deutsche Euroshop (XETRA)","Active",
"DEUTSCHE KONSUM (XET) REAL ESTATE","D:DKGX","DKG.DE","15.12.2015","2015","Equities","Xetra","Germany","Euro","Real Estate Investment Trusts","Deutsche Konsum (XETRA) Real Estate","Active",
"DEUTSCHE KONSUM REAL ESTATE","D:DKG","DKG.F","15.12.2015","2015","Equities","Deutsche Boerse AG","Germany","Euro","Real Estate Investment Trusts","Deutsche Konsum Real Estate","Active",
"DEUTSCHE LUFTHANSA (XET)","D:LHAX","LHAG.DE","03.07.1991","1991","Equities","Xetra","Germany","Euro","Travel and Leisure","Deutsche Lufthansa (XETRA)","Active",
"DEUTSCHE PAYMENT A1M","D:4NJ","4NJ.D","28.09.2020","2020","Equities","Duesseldorf","Germany","Euro","Industrial Support Services","Deutsche Payment A1M","Active",
"DEUTSCHE POST (XET)","D:DHLX","DHLn.DE","17.11.2000","2000","Equities","Xetra","Germany","Euro","Industrial Transportation","Deutsche Post (XETRA)","Active",
"DEUTSCHE ROHSTOFF (XET)","D:DR0X","DR0G.DE","26.05.2010","2010","Equities","Xetra","Germany","Euro","Oil, Gas and Coal","Deutsche Rohstoff (XETRA)","Active",
"DEUTSCHE TELEKOM (XET)","D:DTEX","DTEGn.DE","15.11.1996","1996","Equities","Xetra","Germany","Euro","Telecommunications Service Providers","Deutsche Telekom (XETRA)","Active",
"DEUTSCHE WOHNEN (XET) BR.SHS.","D:DWNIX","DWNG.DE","27.03.2006","2006","Equities","Xetra","Germany","Euro","Real Estate Investment and Services","Deutsche Wohnen (XETRA) Bearer Shares","Active",
"DEUTZ (XET)","D:DEZX","DEZG.DE","24.01.1996","1996","Equities","Xetra","Germany","Euro","Industrial Engineering","Deutz (XETRA)","Active",
"DEVARIS (DUS)","D:LP5","LP5.D","08.08.2025","2025","Equities","Duesseldorf","Germany","Euro","Investment Banking and Brokerage Services","Devaris (Dusseldorf)","Active",
"DF DEUTSCHE FORFAIT","D:DFTK","DFTKn.F","23.05.2007","2007","Equities","Deutsche Boerse AG","Germany","Euro","Investment Banking and Brokerage Services","DF Deutsche Forfait","Active",
"DF DEUTSCHE FORFAIT(XET)","D:DFTKX","DFTKn.DE","23.05.2007","2007","Equities","Xetra","Germany","Euro","Investment Banking and Brokerage Services","DF Deutsche Forfait (XETRA)","Active",
"DFO CAPITAL (MUN)","D:XK7A","XK7A.MU","02.08.2023","2023","Equities","Munich","Germany","Euro","Open End and Miscellaneous Investment Vehicles","DFO Capital (Munich)","Active",
"DFV DT.FRRG.","D:DFV","DFV.H","04.12.2018","2018","Equities","Hamburg","Germany","Euro","Medical Equipment and Services","DFV Deutsche FRRG","Active",
"DIERIG HOLDING","D:DIE","DIEG.F","01.01.1973","1973","Equities","Deutsche Boerse AG","Germany","Euro","Retailers","Dierig Holding","Active",
"DIERIG HOLDING (XET)","D:DIEX","DIEG.DE","30.03.2000","2000","Equities","Xetra","Germany","Euro","Retailers","Dierig Holding (XETRA)","Active",
"DIOK ONE","D:CVK","CVK.D","26.06.2007","2007","Equities","Duesseldorf","Germany","Euro","Real Estate Investment and Services","Diok One","Active",
"DISO VERWALTUNGS","D:MT3","MT3.H","11.05.2006","2006","Equities","Hamburg","Germany","Euro","Software and Computer Services","Diso Verwaltungs","Active",
"DLB-ANLAGESERVICE","D:DLB","DLBG.SG","01.11.2002","2002","Equities","Stuttgart","Germany","Euro","Investment Banking and Brokerage Services","DLB-Anlageservice","Active",
"DMG MORI (XET)","D:GILX","GILG.DE","18.11.1998","1998","Equities","Xetra","Germany","Euro","Industrial Engineering","DMG Mori (XETRA)","Active",
"DN GROUP N (XET)","D:D77X","D77n.DE","01.02.2023","2023","Equities","Xetra","Germany","Euro","Investment Banking and Brokerage Services","DN Group N (XETRA)","Active",
"DNI BETEILIGUNGEN","D:DN1","DNIG.MU","02.01.2003","2003","Equities","Munich","Germany","Euro","Investment Banking and Brokerage Services","DNI Beteiligungen","Active",
"DOCCHECK","D:AJ91","ANWGn.F","14.04.2000","2000","Equities","Deutsche Boerse AG","Germany","Euro","Software and Computer Services","Doccheck","Active",
"DOCCHECK (XET)","D:AJ91X","ANWGn.DE","14.04.2000","2000","Equities","Xetra","Germany","Euro","Software and Computer Services","Doccheck (XETRA)","Active",
"DR WIESENT SOZIAL GEMEINNUETZIGE PAR","D:S0E1","S0E1g.F","16.11.2017","2017","Equities","Deutsche Boerse AG","Germany","Euro","Health Care Providers","DR Wiesent Sozial Gemeinnuetzige Par","Active",
"DT.EFF.UD.WECHSEL- (XET) BETEILIGUNGSGESELLSCHAFT","D:EFF0X","EFF0k.DE","13.06.2000","2000","Equities","Xetra","Germany","Euro","Investment Banking and Brokerage Services","Deutsche Effecten und Wechsel- (XETRA) Beteiligungsgesellschaft","Active",
"DT.EFF.UD.WECHSEL- BETEILIGUNGSGESELLSCHAFT","D:EFF0","EFF0k.F","26.09.1988","1988","Equities","Deutsche Boerse AG","Germany","Euro","Investment Banking and Brokerage Services","Deutsche Effecten und Wechsel- Beteiligungsgesellschaft","Active",
"DT.GRUNDSTUECKSAUKTIONEN","D:DGR","DGRG.F","17.06.1999","1999","Equities","Deutsche Boerse AG","Germany","Euro","Real Estate Investment and Services","Deutsche Grundstuecksauktionen","Active",
"DT.GRUNDSTUECKSAUKTIONEN (XET)","D:DGRX","DGRG.DE","10.03.2000","2000","Equities","Xetra","Germany","Euro","Real Estate Investment and Services","Deutsche Grundstuecksauktionen (XETRA)","Active",
"DT.PFANDBRIEFBANK (XET)","D:PBBX","PBBG.DE","15.07.2015","2015","Equities","Xetra","Germany","Euro","Banks","Deutsche Pfandbriefbank (XETRA)","Active",
"DUERR (XET)","D:DUEX","DUEG.DE","28.02.1996","1996","Equities","Xetra","Germany","Euro","Industrial Engineering","Duerr (XETRA)","Active",
"DWK DEUTSCHE WASSERKRAFT","D:T7RA","T7RAk.H","05.06.2006","2006","Equities","Hamburg","Germany","Euro","Investment Banking and Brokerage Services","DWK Deutsche Wasserkraft","Active",
"DWS GROUP & GMBH (XET) KGAA","D:DWSX","DWSG.DE","23.03.2018","2018","Equities","Xetra","Germany","Euro","Investment Banking and Brokerage Services","DWS Group and GMBH (XETRA) KGaA","Active",
"E ON N (XET)","D:EOANX","EONGn.DE","01.07.1991","1991","Equities","Xetra","Germany","Euro","Gas, Water and Multi-utilities","E On N (XETRA)","Active",
"EAMD EUROPEAN AEROMARINE DRONES","D:U9P","U9P.D","22.12.2021","2021","Equities","Duesseldorf","Germany","Euro","Aerospace and Defense","Eamd European Aeromarine Drones","Active",
"EASY SOFTWARE N","D:ESY","ESYGn.H","16.04.1999","1999","Equities","Hamburg","Germany","Euro","Real Estate Investment Trusts","Easy Software N","Active",
"EASYMOTIONSKIN TEC","D:EFIT","EFIT.MU","09.12.2021","2021","Equities","Munich","Germany","Euro","Medical Equipment and Services","Easymotionskin Tec","Active",
"ECKERT & ZIEGLER (XET)","D:EUZX","EUZG.DE","31.05.1999","1999","Equities","Xetra","Germany","Euro","Medical Equipment and Services","Eckert and Ziegler (XETRA)","Active",
"ECOMMERCE ALLIANCE","D:ECF","ECF1.F","21.12.2010","2010","Equities","Deutsche Boerse AG","Germany","Euro","Retailers","Ecommerce Alliance","Active",
"ECOTEL COMM. (XET)","D:E4CX","E4CG.DE","28.03.2006","2006","Equities","Xetra","Germany","Euro","Telecommunications Service Providers","Ecotel Communication (XETRA)","Active",
"ECOTEL COMMUNICATION","D:E4C","E4CG.F","28.03.2006","2006","Equities","Deutsche Boerse AG","Germany","Euro","Telecommunications Service Providers","Ecotel Communication","Active",
"EDAG ENGINEERING (XET) GP.","D:ED4X","ED4.DE","02.12.2015","2015","Equities","Xetra","Germany","Euro","Automobiles and Parts","Edag Engineering (XETRA) Group","Active",
"EDAG ENGINEERING GROUP","D:ED4","ED4.F","01.12.2015","2015","Equities","Deutsche Boerse AG","Germany","Euro","Automobiles and Parts","Edag Engineering Group","Active",
"EDEL","D:EDL","EDLG.F","01.09.1998","1998","Equities","Deutsche Boerse AG","Germany","Euro","Media","Edel","Active",
"EDEL (XET)","D:EDLX","EDLG.DE","12.10.1998","1998","Equities","Xetra","Germany","Euro","Media","Edel (XETRA)","Active",
"EFFECTEN-SPIEGEL","D:EFS","EFSG.SG","01.04.1998","1998","Equities","Stuttgart","Germany","Euro","Investment Banking and Brokerage Services","Effecten-Spiegel","Active",
"EHTI EURASIA HIGH TECHNOLOGY INDUSTRIES","D:LP2","LP2.D","18.05.2022","2022","Equities","Duesseldorf","Germany","Euro","Industrial Support Services","Ehti Eurasia High Technology Industries","Active",
"EIGENHEIM UNION 1898 BETEILIGUNGS K","D:JZ60","JZ60k.D","30.12.2021","2021","Equities","Duesseldorf","Germany","Euro","Household Goods and Home Construction","Eigenheim Union 1898 Beteiligungs K","Active",
"EINBECKER BRAUHAUS","D:HAK","HAKG.HA","26.09.1988","1988","Equities","Hanover","Germany","Euro","Beverages","Einbecker Brauhaus","Active",
"ELARIS N","D:ELS","ELSn.MU","14.03.2024","2024","Equities","Munich","Germany","Euro","Automobiles and Parts","Elaris N","Active",
"ELBSTEIN","D:EBS","EBSG.H","01.07.2015","2015","Equities","Hamburg","Germany","Euro","Investment Banking and Brokerage Services","Elbstein","Active",
"ELEXXION","D:E8X","E8XG.F","30.10.2006","2006","Equities","Deutsche Boerse AG","Germany","Euro","Medical Equipment and Services","Elexxion","Active",
"ELMOS SEMICON. (XET)","D:ELGX","ELGG.DE","12.10.1999","1999","Equities","Xetra","Germany","Euro","Technology Hardware and Equipment","Elmos Semiconductor (XETRA)","Active",
"ELRINGKLINGER N (XET)","D:ZIL2X","ZILGn.DE","17.06.2002","2002","Equities","Xetra","Germany","Euro","Automobiles and Parts","Elringklinger N (XETRA)","Active",
"ELUMEO","D:ELB","ELBG.F","02.07.2015","2015","Equities","Deutsche Boerse AG","Germany","Euro","Personal Goods","Elumeo","Active",
"ELUMEO (XET)","D:ELBX","ELBG.DE","03.07.2015","2015","Equities","Xetra","Germany","Euro","Personal Goods","Elumeo (XETRA)","Active",
"ENAPTER","D:H2O","H2OG.F","25.03.1999","1999","Equities","Deutsche Boerse AG","Germany","Euro","Alternative Energy","Enapter","Active",
"ENAPTER (XET)","D:H2OX","H2OG.DE","16.10.2020","2020","Equities","Xetra","Germany","Euro","Alternative Energy","Enapter (XETRA)","Active",
"ENBW ENGE.BADEN- (XET) WURTG.","D:EBKX","EBKG.DE","14.04.1999","1999","Equities","Xetra","Germany","Euro","Electricity","Enbw Energie Baden- (XETRA) Wuerttemberg","Active",
"ENDOR","D:E2N","E2NG.H","26.06.2006","2006","Equities","Hamburg","Germany","Euro","Technology Hardware and Equipment","Endor","Active",
"ENERGENTA","D:EM6","EM6.MU","28.06.2024","2024","Equities","Munich","Germany","Euro","Waste and Disposal Services","Energenta","Active",
"ENERGIEKONTOR (XET)","D:EKTX","EKTG.DE","24.05.2000","2000","Equities","Xetra","Germany","Euro","Electricity","Energiekontor (XETRA)","Active",
"ENVITEC BIOGAS (XET)","D:ETGX","ETGG.DE","11.07.2007","2007","Equities","Xetra","Germany","Euro","Alternative Energy","Envitec Biogas (XETRA)","Active",
"EPIGENOMICS K","D:ECX","ECXk.F","19.07.2004","2004","Equities","Deutsche Boerse AG","Germany","Euro","Investment Banking and Brokerage Services","Epigenomics K","Active",
"ERLEBNIS AKADEMIE","D:EAD","EADG.F","23.11.2015","2015","Equities","Deutsche Boerse AG","Germany","Euro","Travel and Leisure","Erlebnis Akademie","Active",
"ERNST RUSS K (XET)","D:ERAGX","ERAGn.DE","05.10.2005","2005","Equities","Xetra","Germany","Euro","Industrial Transportation","Ernst Russ K (XETRA)","Active",
"ERWE IMMOBILIEN","D:ERWE","ERWE.F","14.06.2007","2007","Equities","Deutsche Boerse AG","Germany","Euro","Investment Banking and Brokerage Services","Erwe Immobilien","Active",
"ERWE IMMOBILIEN (XET)","D:ERWEX","ERWE.DE","18.06.2018","2018","Equities","Xetra","Germany","Euro","Investment Banking and Brokerage Services","Erwe Immobilien (XETRA)","Active",
"EV DIGITAL INVEST K","D:ENG","ENGk.F","03.05.2022","2022","Equities","Deutsche Boerse AG","Germany","Euro","Real Estate Investment and Services","EV Digital Invest K","Active",
"EVONIK INDUSTRIES (XET)","D:EVKX","EVKn.DE","25.04.2013","2013","Equities","Xetra","Germany","Euro","Chemicals","Evonik Industries (XETRA)","Active",
"EXASOL N","D:EXL","EXLn.F","25.05.2020","2020","Equities","Deutsche Boerse AG","Germany","Euro","Software and Computer Services","Exasol N","Active",
"EXASOL N (XET)","D:EXLX","EXLn.DE","25.05.2020","2020","Equities","Xetra","Germany","Euro","Software and Computer Services","Exasol N (XETRA)","Active",
"FABASOFT","D:FAA","FAAS.F","30.09.1999","1999","Equities","Deutsche Boerse AG","Germany","Euro","Software and Computer Services","Fabasoft","Active",
"FABASOFT (XET)","D:FAAX","FAAS.DE","04.10.1999","1999","Equities","Xetra","Germany","Euro","Software and Computer Services","Fabasoft (XETRA)","Active",
"FAIR VALUE REIT","D:FVI","FVIG.F","15.11.2007","2007","Equities","Deutsche Boerse AG","Germany","Euro","Real Estate Investment Trusts","Fair Value REIT","Active",
"FALKENSTEIN NEBENWERTE","D:FAK","FAKG.H","21.03.2003","2003","Equities","Hamburg","Germany","Euro","Investment Banking and Brokerage Services","Falkenstein Nebenwerte","Active",
"FAMICORD N","D:V3V","V3Vn.F","26.03.2007","2007","Equities","Deutsche Boerse AG","Germany","Euro","Health Care Providers","Famicord N","Active",
"FAMICORD N (XET)","D:V3VX","V3Vn.DE","26.03.2007","2007","Equities","Xetra","Germany","Euro","Health Care Providers","Famicord N (XETRA)","Active",
"FAST FINANCE 24 HOLDING","D:FF24","FF24.F","19.11.2012","2012","Equities","Deutsche Boerse AG","Germany","Euro","Finance and Credit Services","Fast Finance 24 Holding","Active",
"FAVEOS","D:C45","C45.D","18.05.2022","2022","Equities","Duesseldorf","Germany","Euro","Industrial Support Services","Faveos","Active",
"FC WERTMANAGEMENT PAR","D:8FCA","8FCAp.F","09.10.2020","2020","Equities","Deutsche Boerse AG","Germany","Euro","Media","FC Wertmanagement Par","Active",
"FCR IMMOBILIEN","D:FC9","FC9.F","07.11.2018","2018","Equities","Deutsche Boerse AG","Germany","Euro","Real Estate Investment and Services","FCR Immobilien","Active",
"FCR IMMOBILIEN (XET)","D:FC9X","FC9.DE","07.11.2018","2018","Equities","Xetra","Germany","Euro","Real Estate Investment and Services","FCR Immobilien (XETRA)","Active",
"FERNHEIZWERK NEUKOLLN","D:FHW","FHWG.F","03.06.1988","1988","Equities","Deutsche Boerse AG","Germany","Euro","Gas, Water and Multi-utilities","Fernheizwerk Neukolln","Active",
"FIELMANN GROUP (XET)","D:FIEX","FIEG.DE","22.01.1996","1996","Equities","Xetra","Germany","Euro","Retailers","Fielmann Group (XETRA)","Active",
"FINCHAIN CAPITAL PARTNERS","D:U1DA","U1DA.F","18.08.2016","2016","Equities","Deutsche Boerse AG","Germany","Euro","Retailers","Finchain Capital Partners","Active",
"FINEXITY N","D:FXT","FXTn.MU","05.09.2025","2025","Equities","Munich","Germany","Euro","Investment Banking and Brokerage Services","Finexity N","Active",
"FINEXITY N (XET)","D:FXTX","FXTn.DE","02.02.2026","2026","Equities","Xetra","Germany","Euro","Investment Banking and Brokerage Services","Finexity N (XETRA)","Active",
"FIRST SENSOR (XET)","D:SISX","SISG.DE","16.07.1999","1999","Equities","Xetra","Germany","Euro","Electronic and Electrical Equipment","First Sensor (XETRA)","Active",
"FLATEXDEGIRO N (XET)","D:FTKX","FTKn.DE","29.06.2009","2009","Equities","Xetra","Germany","Euro","Investment Banking and Brokerage Services","Flatexdegiro N (XETRA)","Active",
"FONTERELLI GMBH","D:FTRK","FTRKk.H","04.01.2008","2008","Equities","Hamburg","Germany","Euro","Investment Banking and Brokerage Services","Fonterelli GMBH","Active",
"FONTERELLI SPAC 4","D:R0D","R0D.D","27.12.2024","2024","Equities","Duesseldorf","Germany","Euro","Open End and Miscellaneous Investment Vehicles","Fonterelli Spac 4","Active",
"FORIS","D:FRS","FRSG.F","16.07.1999","1999","Equities","Deutsche Boerse AG","Germany","Euro","Investment Banking and Brokerage Services","Foris","Active",
"FORIS (XET)","D:FRSX","FRSG.DE","20.07.1999","1999","Equities","Xetra","Germany","Euro","Investment Banking and Brokerage Services","Foris (XETRA)","Active",
"FORMYCON (XET)","D:FYBX","FYB.DE","20.12.2010","2010","Equities","Xetra","Germany","Euro","Pharmaceuticals and Biotechnology","Formycon (XETRA)","Active",
"FORTEC ELEKTRONIK","D:FEV","FEVG.F","10.07.1990","1990","Equities","Deutsche Boerse AG","Germany","Euro","Technology Hardware and Equipment","Fortec Elektronik","Active",
"FORTEC ELEKTRONIK (XET)","D:FEVX","FEVG.DE","18.02.1999","1999","Equities","Xetra","Germany","Euro","Technology Hardware and Equipment","Fortec Elektronik (XETRA)","Active",
"FOX E-MOBILITY K","D:CT4","CT4k.D","09.12.2019","2019","Equities","Duesseldorf","Germany","Euro","Automobiles and Parts","Fox E-Mobility K","Active",
"FRANCONOFURT","D:FFM1","FFM1.H","21.06.2005","2005","Equities","Hamburg","Germany","Euro","Real Estate Investment and Services","Franconofurt","Active",
"FRANCOTYP-POSTALIA HLDG.","D:FPH","FPHG.H","29.11.2006","2006","Equities","Hamburg","Germany","Euro","Household Goods and Home Construction","Francotyp-Postalia Holding","Active",
"FRAPORT (XET)","D:FRAX","FRAG.DE","08.06.2001","2001","Equities","Xetra","Germany","Euro","Industrial Transportation","Fraport (XETRA)","Active",
"FREENET (XET)","D:FNTNX","FNTGn.DE","06.12.1999","1999","Equities","Xetra","Germany","Euro","Telecommunications Service Providers","Freenet (XETRA)","Active",
"FREQUENTIS (XET)","D:FQTX","FQT.DE","14.05.2019","2019","Equities","Xetra","Germany","Euro","Industrial Transportation","Frequentis (XETRA)","Active",
"FRIEDRICH VORWERK (XET) GROUP","D:VH2X","VH2.DE","25.03.2021","2021","Equities","Xetra","Germany","Euro","Construction and Materials","Friedrich Vorwerk (XETRA) Group","Active",
"FRIWO","D:CEA","CEAG.F","08.09.1977","1977","Equities","Deutsche Boerse AG","Germany","Euro","Personal Care, Drug and Grocery Stores","Friwo","Active",
"FRIWO (XET)","D:CEAX","CEAG.DE","15.02.2000","2000","Equities","Xetra","Germany","Euro","Personal Care, Drug and Grocery Stores","Friwo (XETRA)","Active",
"FUCHS N (XET)","D:FPEX","FPEn.DE","08.01.1999","1999","Equities","Xetra","Germany","Euro","Chemicals","Fuchs N (XETRA)","Active",
"FUTURESMART N","D:1YT","1YTn.D","27.05.2025","2025","Equities","Duesseldorf","Germany","Euro","Construction and Materials","Futuresmart N","Active",
"GABLER GROUP (XET)","D:XK4X","XK4.DE","09.03.2026","2026","Equities","Xetra","Germany","Euro","Aerospace and Defense","Gabler Group (XETRA)","Active",
"GATEWAY REAL ESTATE","D:GTY","GTYG.SG","23.05.2006","2006","Equities","Stuttgart","Germany","Euro","Real Estate Investment and Services","Gateway Real Estate","Active",
"GATEWAY REAL ESTATE(XET)","D:GTYX","GTYG.DE","12.04.2019","2019","Equities","Xetra","Germany","Euro","Real Estate Investment and Services","Gateway Real Estate (XETRA)","Active",
"GBK BETEILIGUNGEN","D:GBQ","GBQG.MU","25.03.2004","2004","Equities","Munich","Germany","Euro","Investment Banking and Brokerage Services","GBK Beteiligungen","Active",
"GBS SOFTWARE","D:INW","INWk.F","11.05.2000","2000","Equities","Deutsche Boerse AG","Germany","Euro","Software and Computer Services","GBS Software","Active",
"GBS SOFTWARE (XET)","D:INWX","INWk.DE","11.05.2000","2000","Equities","Xetra","Germany","Euro","Software and Computer Services","GBS Software (XETRA)","Active",
"GDHEITWT.CHIEMGAU","D:JTH0","JTH0.MU","26.09.1989","1989","Equities","Munich","Germany","Euro","Medical Equipment and Services","Gesundheitswelt Chiemgau","Active",
"GEA GROUP (XET)","D:G1AX","G1AG.DE","01.07.1991","1991","Equities","Xetra","Germany","Euro","Industrial Engineering","GEA Group (XETRA)","Active",
"GERATHERM MEDICAL","D:GME","GMEG.F","30.06.2000","2000","Equities","Deutsche Boerse AG","Germany","Euro","Medical Equipment and Services","Geratherm Medical","Active",
"GERATHERM MEDICAL (XET)","D:GMEX","GMEG.DE","14.11.2000","2000","Equities","Xetra","Germany","Euro","Medical Equipment and Services","Geratherm Medical (XETRA)","Active",
"GERRESHEIMER (XET)","D:GXIX","GXIG.DE","08.06.2007","2007","Equities","Xetra","Germany","Euro","Medical Equipment and Services","Gerresheimer (XETRA)","Active",
"GESCO","D:GSC1","GSC1n.F","24.03.1998","1998","Equities","Deutsche Boerse AG","Germany","Euro","Industrial Engineering","Gesco","Active",
"GESCO (XET)","D:GSC1X","GSC1n.DE","11.11.1998","1998","Equities","Xetra","Germany","Euro","Industrial Engineering","Gesco (XETRA)","Active",
"GFT TECHNOLOGIES (XET)","D:GFTX","GFTG.DE","29.06.1999","1999","Equities","Xetra","Germany","Euro","Software and Computer Services","GFT Technologies (XETRA)","Active",
"GIGASET","D:GGS","GGS.F","26.09.1988","1988","Equities","Deutsche Boerse AG","Germany","Euro","Telecommunications Service Providers","Gigaset","Active",
"GIVE","D:M4N","M4N.H","25.10.2006","2006","Equities","Hamburg","Germany","Euro","Chemicals","Give","Active",
"GLOBAL FASHION (XET) GROUP","D:GFGX","GFG.DE","02.07.2019","2019","Equities","Xetra","Germany","Euro","Retailers","Global Fashion (XETRA) Group","Active",
"GLOBAL FASHION GROUP","D:GFG","GFG.F","02.07.2019","2019","Equities","Deutsche Boerse AG","Germany","Euro","Retailers","Global Fashion Group","Active",
"GLOBAL PVQ","D:QCE","QCEG.H","04.10.2005","2005","Equities","Hamburg","Germany","Euro","Alternative Energy","Global PVQ","Active",
"GOINGPUBLIC MEDIA K","D:G6P0","G6P0k.F","15.11.2006","2006","Equities","Deutsche Boerse AG","Germany","Euro","Media","Goingpublic Media K","Active",
"GOINGPUBLIC MEDIA K(XET)","D:G6P0X","G6P0k.DE","15.11.2006","2006","Equities","Xetra","Germany","Euro","Media","Goingpublic Media K (XETRA)","Active",
"GOOD BRANDS","D:G4B","G4B.H","30.03.2017","2017","Equities","Hamburg","Germany","Euro","Investment Banking and Brokerage Services","Good Brands","Active",
"GORE GERMAN OFFICE REAL ESTATE K","D:GAG0","GAG0k.MU","13.12.2019","2019","Equities","Munich","Germany","Euro","Real Estate Investment and Services","Gore German Office Real Estate K","Active",
"GRACENT IN LIQUIDATION","D:0GM","0GM.D","02.05.2016","2016","Equities","Duesseldorf","Germany","Euro","Medical Equipment and Services","Gracent in Liquidation","Active",
"GRAMMER","D:GMM","GMMG.F","15.07.1996","1996","Equities","Deutsche Boerse AG","Germany","Euro","Automobiles and Parts","Grammer","Active",
"GRAMMER (XET)","D:GMMX","GMMG.DE","04.11.1998","1998","Equities","Xetra","Germany","Euro","Automobiles and Parts","Grammer (XETRA)","Active",
"GRAND CITY PROPS. (XET)","D:GYCX","GYC.DE","10.01.2013","2013","Equities","Xetra","Germany","Euro","Real Estate Investment and Services","Grand City Properties (XETRA)","Active",
"GREIFFENBERGER","D:GRF","GRFG.F","29.12.1986","1986","Equities","Deutsche Boerse AG","Germany","Euro","Electronic and Electrical Equipment","Greiffenberger","Active",
"GROUNDS REAL ESTATE(DUS) DEVELOPMENT K","D:AMM","AMMk.D","23.04.2008","2008","Equities","Duesseldorf","Germany","Euro","Industrial Support Services","Grounds Real Estate (Dusseldorf) Development K","Active",
"GROUNDS REAL ESTATE(XET) DEVELOPMENT K","D:AMMX","AMMk.DE","09.11.2017","2017","Equities","Xetra","Germany","Euro","Industrial Support Services","Grounds Real Estate (XETRA) Development K","Active",
"H & R","D:2HRA","2HR.F","26.09.1988","1988","Equities","Deutsche Boerse AG","Germany","Euro","Chemicals","H&R","Active",
"H & R (XET)","D:2HRAX","2HR.DE","12.06.2000","2000","Equities","Xetra","Germany","Euro","Chemicals","H&R (XETRA)","Active",
"H2 CORE","D:M5S","M5S.F","09.11.2006","2006","Equities","Deutsche Boerse AG","Germany","Euro","Industrial Transportation","H2 Core","Active",
"H2 CORE (XET)","D:M5SX","M5S.DE","29.07.2022","2022","Equities","Xetra","Germany","Euro","Industrial Transportation","H2 Core (XETRA)","Active",
"HAEMATO K","D:HAEK","HAEk.H","02.12.2005","2005","Equities","Hamburg","Germany","Euro","Real Estate Investment and Services","Haemato K","Active",
"HALLOREN SCHOKFB.","D:H2RB","H2RBn.H","10.05.2007","2007","Equities","Hamburg","Germany","Euro","Food Producers","Halloren Shokoladenfabrik","Active",
"HAMBORNER REIT N (XET)","D:HABAX","HABAn.DE","12.10.2000","2000","Equities","Xetra","Germany","Euro","Real Estate Investment Trusts","Hamborner REIT N (XETRA)","Active",
"HAMBURGER HAFEN UND(XET) LOGISTIK","D:HHFAX","HHFGn.DE","01.11.2007","2007","Equities","Xetra","Germany","Euro","Industrial Transportation","Hamburger Hafen und (XETRA) Logistik","Active",
"HAMMONIA SHIPPING","D:HHX","HHXG.H","26.11.2007","2007","Equities","Hamburg","Germany","Euro","Industrial Transportation","Hammonia Shipping","Active",
"HANNOVER RUECK (XET)","D:HNR1X","HNRGn.DE","24.01.1997","1997","Equities","Xetra","Germany","Euro","Non-life Insurance","Hannover Rueck (XETRA)","Active",
"HANSEYACHTS","D:H9Y","H9YG.H","08.03.2007","2007","Equities","Hamburg","Germany","Euro","Construction and Materials","Hanseyachts","Active",
"HAPAG LLOYD (XET)","D:HLAGX","HLAG.DE","06.11.2015","2015","Equities","Xetra","Germany","Euro","Industrial Transportation","Hapag Lloyd (XETRA)","Active",
"HASEN-IMMOBILIEN","D:ABHA","ABHA.MU","26.09.1988","1988","Equities","Munich","Germany","Euro","Real Estate Investment and Services","Hasen-Immobilien","Active",
"HAUSVORTEIL N (MUN)","D:KA1","KA1n.MU","26.11.2025","2025","Equities","Munich","Germany","Euro","Real Estate Investment and Services","Hausvorteil N (Munich)","Active",
"HAUSVORTEIL N (XET)","D:KA1X","KA1n.DE","02.12.2025","2025","Equities","Xetra","Germany","Euro","Real Estate Investment and Services","Hausvorteil N (XETRA)","Active",
"HAWESKO HOLDING","D:HAW","HAWG.F","28.05.1998","1998","Equities","Deutsche Boerse AG","Germany","Euro","Personal Care, Drug and Grocery Stores","Hawesko Holding","Active",
"HAWESKO HOLDING (XET)","D:HAWX","HAWG.DE","20.01.1999","1999","Equities","Xetra","Germany","Euro","Personal Care, Drug and Grocery Stores","Hawesko Holding (XETRA)","Active",
"HBI-HYPERION","D:A7K","A7K.D","25.01.2019","2019","Equities","Duesseldorf","Germany","Euro","Software and Computer Services","HBI-Hyperion","Active",
"HEIDELBERG PHARMA","D:HPHA","HPHA.F","10.11.2006","2006","Equities","Deutsche Boerse AG","Germany","Euro","Pharmaceuticals and Biotechnology","Heidelberg Pharma","Active",
"HEIDELBERG PHARMA (XET)","D:HPHAX","HPHA.DE","10.11.2006","2006","Equities","Xetra","Germany","Euro","Pharmaceuticals and Biotechnology","Heidelberg Pharma (XETRA)","Active",
"HEIDELBERGER (XET) DRUCKMASCHINEN","D:HDDX","HDDG.DE","16.03.1998","1998","Equities","Xetra","Germany","Euro","Industrial Engineering","Heidelberger (XETRA) Druckmaschinen","Active",
"HELIAD","D:A7A","A7An.F","06.02.2007","2007","Equities","Deutsche Boerse AG","Germany","Euro","Investment Banking and Brokerage Services","Heliad","Active",
"HELIAD (XET)","D:A7AX","A7An.DE","06.02.2007","2007","Equities","Xetra","Germany","Euro","Investment Banking and Brokerage Services","Heliad (XETRA)","Active",
"HELLA GMBH & KGAA (XET)","D:HLEX","HLE.DE","11.11.2014","2014","Equities","Xetra","Germany","Euro","Automobiles and Parts","Hella GMBH and KGaA (XETRA)","Active",
"HELLOFRESH (XET)","D:HFGX","HFGG.DE","01.11.2017","2017","Equities","Xetra","Germany","Euro","Personal Care, Drug and Grocery Stores","Hellofresh (XETRA)","Active",
"HELVETICST H","D:HSRN","HSRN.H","21.12.2015","2015","Equities","Hamburg","Germany","Euro","Investment Banking and Brokerage Services","Helveticst H","Active",
"HENKEL (XET)","D:HENX","HNKG.DE","01.12.1997","1997","Equities","Xetra","Germany","Euro","Chemicals","Henkel (XETRA)","Active",
"HENSOLDT (XET)","D:HAGX","HAGG.DE","25.09.2020","2020","Equities","Xetra","Germany","Euro","Aerospace and Defense","Hensoldt (XETRA)","Active",
"HGEARS","D:HGEA","HGEA.F","21.05.2021","2021","Equities","Deutsche Boerse AG","Germany","Euro","Automobiles and Parts","Hgears","Active",
"HGEARS (XET)","D:HGEAX","HGEA.DE","21.05.2021","2021","Equities","Xetra","Germany","Euro","Automobiles and Parts","Hgears (XETRA)","Active",
"HIGHLIGHT COMMS.","D:HLG","HLGZ.F","10.05.1999","1999","Equities","Deutsche Boerse AG","Germany","Euro","Media","Highlight Communications","Active",
"HIGHLIGHT COMMS. (XET)","D:HLGX","HLGZ.DE","12.05.1999","1999","Equities","Xetra","Germany","Euro","Media","Highlight Communications (XETRA)","Active",
"HMS BERGBAU","D:HMU","HMUG.F","05.12.2008","2008","Equities","Deutsche Boerse AG","Germany","Euro","Oil, Gas and Coal","HMS Bergbau","Active",
"HMS BERGBAU (XET)","D:HMUX","HMUG.DE","05.12.2008","2008","Equities","Xetra","Germany","Euro","Oil, Gas and Coal","HMS Bergbau (XETRA)","Active",
"HOCHTIEF (XET)","D:HOTX","HOTG.DE","22.01.1996","1996","Equities","Xetra","Germany","Euro","Construction and Materials","Hochtief (XETRA)","Active",
"HOENLE","D:HNL","HNL.F","23.01.2001","2001","Equities","Deutsche Boerse AG","Germany","Euro","Electronic and Electrical Equipment","Hoenle","Active",
"HOENLE (XET)","D:HNLX","HNL.DE","23.01.2001","2001","Equities","Xetra","Germany","Euro","Electronic and Electrical Equipment","Hoenle (XETRA)","Active",
"HOEVELRAT HOLDING","D:C9T","C9TG.H","21.12.2005","2005","Equities","Hamburg","Germany","Euro","Investment Banking and Brokerage Services","Hoevelrat Holding","Active",
"HOFTEX GROUP","D:NBH","NBHG.MU","26.09.1988","1988","Equities","Munich","Germany","Euro","Industrial Materials","Hoftex Group","Active",
"HOMES & HOLIDAY K (MUN)","D:HHHA","HHHAk.MU","05.06.2018","2018","Equities","Munich","Germany","Euro","Real Estate Investment and Services","Homes and Holiday K (Munich)","Active",
"HOMETOGO (XET)","D:HTGX","HTGG.DE","22.02.2021","2021","Equities","Xetra","Germany","Euro","Travel and Leisure","Hometogo (XETRA)","Active",
"HORUS","D:HRU","HRUG.SG","02.01.2004","2004","Equities","Stuttgart","Germany","Euro","Investment Banking and Brokerage Services","Horus","Active",
"HWA","D:H9W","H9WG.F","18.04.2007","2007","Equities","Deutsche Boerse AG","Germany","Euro","Travel and Leisure","Hwa","Active",
"HWA (XET)","D:H9WX","H9WG.DE","18.04.2007","2007","Equities","Xetra","Germany","Euro","Travel and Leisure","Hwa (XETRA)","Active",
"HWK 1365","D:9MQ","9MQ.D","06.07.2021","2021","Equities","Duesseldorf","Germany","Euro","Investment Banking and Brokerage Services","HWK 1365","Active",
"HYDROTEC","D:HYW","HYWG.H","17.08.2001","2001","Equities","Hamburg","Germany","Euro","Industrial Metals and Mining","Hydrotec","Active",
"HYPOPORT FINANCE (XET)","D:HYQX","HYQGn.DE","26.10.2007","2007","Equities","Xetra","Germany","Euro","Investment Banking and Brokerage Services","Hypoport Finance (XETRA)","Active",
"HYRICAN INSS.","D:HYI","HYIG.F","26.07.2000","2000","Equities","Deutsche Boerse AG","Germany","Euro","Technology Hardware and Equipment","Hyrican Informationssysteme","Active",
"IBU TEC ADVANCED (XET) MATERIALS","D:IBUX","IBU.DE","30.03.2017","2017","Equities","Xetra","Germany","Euro","Chemicals","IBU Tec Advanced (XETRA) Materials","Active",
"IBU TEC ADVANCED MATERIALS","D:IBU","IBU.F","29.03.2017","2017","Equities","Deutsche Boerse AG","Germany","Euro","Chemicals","IBU Tec Advanced Materials","Active",
"IFA SYSTEMS","D:IS8","IS8G.H","11.07.2005","2005","Equities","Hamburg","Germany","Euro","Pharmaceuticals and Biotechnology","IFA Systems","Active",
"IFUNDED","D:ILK2","ILK2.SG","24.06.2002","2002","Equities","Stuttgart","Germany","Euro","Real Estate Investment and Services","Ifunded","Active",
"IGP ADVANTAG","D:A62","A62.D","16.09.2013","2013","Equities","Duesseldorf","Germany","Euro","Investment Banking and Brokerage Services","IGP Advantag","Active",
"IKONIA FINTECH","D:90Y","90Y.D","06.04.2021","2021","Equities","Duesseldorf","Germany","Euro","Investment Banking and Brokerage Services","Ikonia Fintech","Active",
"IMMOVARIA REAL","D:IR1","IR1.MU","02.04.2007","2007","Equities","Munich","Germany","Euro","Investment Banking and Brokerage Services","Immovaria Real","Active",
"IMPERA","D:05P","05P.D","20.01.2021","2021","Equities","Duesseldorf","Germany","Euro","Investment Banking and Brokerage Services","Impera","Active",
"INCITY IMMOBILIEN","D:IC8","IC8Gn.SG","23.03.2007","2007","Equities","Stuttgart","Germany","Euro","Real Estate Investment and Services","Incity Immobilien","Active",
"INDEPENDENT CAPITAL","D:I8CK","I8CKk.H","28.12.2005","2005","Equities","Hamburg","Germany","Euro","Investment Banking and Brokerage Services","Independent Capital","Active",
"INDUS HOLDING (XET)","D:INHX","INHG.DE","09.11.1998","1998","Equities","Xetra","Germany","Euro","General Industrials","Indus Holding (XETRA)","Active",
"INFAS HOLDING","D:IFS","IFS1.F","27.03.1998","1998","Equities","Deutsche Boerse AG","Germany","Euro","Media","Infas Holding","Active",
"INIT (XET)","D:IXXX","IXXG.DE","23.07.2001","2001","Equities","Xetra","Germany","Euro","Software and Computer Services","Init (XETRA)","Active",
"INNOTEC TSS","D:TSS","TSSG.F","14.08.1990","1990","Equities","Deutsche Boerse AG","Germany","Euro","Industrial Metals and Mining","Innotec TSS","Active",
"INSTANT GROUP","D:CCB","CCBG.F","20.10.2000","2000","Equities","Deutsche Boerse AG","Germany","Euro","Investment Banking and Brokerage Services","Instant Group","Active",
"INSTONE REAL ESTATE(XET) GROUP","D:INSX","INS2.DE","15.02.2018","2018","Equities","Xetra","Germany","Euro","Real Estate Investment and Services","Instone Real Estate (XETRA) Group","Active",
"INTERNATIONAL SCHOOL AUGSBURG N","D:9JK","9JKn.F","09.03.2021","2021","Equities","Deutsche Boerse AG","Germany","Euro","Consumer Services","International School Augsburg N","Active",
"INTERSHOP (XET) COMMUNICATIONS K","D:ISHAX","ISH1k.DE","12.10.1998","1998","Equities","Xetra","Germany","Euro","Software and Computer Services","Intershop (XETRA) Communications K","Active",
"INTERSHOP COMMUNICATIONS K","D:ISHA","ISH1k.F","15.07.1998","1998","Equities","Deutsche Boerse AG","Germany","Euro","Software and Computer Services","Intershop Communications K","Active",
"INTERSTAHL HANDEL HOLDING","D:LAH1","LAH1.MU","08.11.2002","2002","Equities","Munich","Germany","Euro","Travel and Leisure","Interstahl Handel Holding","Active",
"INTERTAINMENT","D:ITN","ITMG.F","05.02.1999","1999","Equities","Deutsche Boerse AG","Germany","Euro","Media","Intertainment","Active",
"INTERTAINMENT (XET)","D:ITNX","ITMG.DE","12.02.1999","1999","Equities","Xetra","Germany","Euro","Media","Intertainment (XETRA)","Active",
"INTICA SYSTEMS","D:IS7","IS7.F","08.11.2004","2004","Equities","Deutsche Boerse AG","Germany","Euro","Technology Hardware and Equipment","Intica Systems","Active",
"INTICA SYSTEMS (XET)","D:IS7X","IS7.DE","08.11.2004","2004","Equities","Xetra","Germany","Euro","Technology Hardware and Equipment","Intica Systems (XETRA)","Active",
"IONOS GROUP N (XET)","D:IOSX","IOSn.DE","08.02.2023","2023","Equities","Xetra","Germany","Euro","Software and Computer Services","Ionos Group N (XETRA)","Active",
"IQ INTERNATIONAL","D:IQL","IQL.F","16.02.2015","2015","Equities","Deutsche Boerse AG","Germany","Euro","Automobiles and Parts","IQ International","Active",
"IVESTOS","D:LWD","LWD.D","12.09.2006","2006","Equities","Duesseldorf","Germany","Euro","Investment Banking and Brokerage Services","Ivestos","Active",
"IVU TRAFFIC TECHS. (XET)","D:IVUX","IVUG.DE","06.07.2000","2000","Equities","Xetra","Germany","Euro","Software and Computer Services","IVU Traffic Technologies (XETRA)","Active",
"JANOSCH FILM & MEDIEN K","D:JFIK","JFIGk.H","20.12.2007","2007","Equities","Hamburg","Germany","Euro","Media","Janosch Film and Medien K","Active",
"JDC GROUP (XET)","D:JDCX","JDC.DE","28.11.2005","2005","Equities","Xetra","Germany","Euro","Investment Banking and Brokerage Services","JDC Group (XETRA)","Active",
"JENOPTIK N (XET)","D:JENX","JENGn.DE","12.10.1998","1998","Equities","Xetra","Germany","Euro","Technology Hardware and Equipment","Jenoptik N (XETRA)","Active",
"JOH FRIEDRICH BEHRENS","D:JFB","JFBG.H","26.09.1988","1988","Equities","Hamburg","Germany","Euro","Construction and Materials","JOH Friedrich Behrens","Active",
"JOST","D:JOX","JOXG.SG","29.06.1999","1999","Equities","Stuttgart","Germany","Euro","Software and Computer Services","Jost","Active",
"JOST WERKE (XET)","D:JSTX","JST.DE","20.07.2017","2017","Equities","Xetra","Germany","Euro","Automobiles and Parts","Jost Werke (XETRA)","Active",
"K+S N (XET)","D:SDFX","SDFGn.DE","29.09.1998","1998","Equities","Xetra","Germany","Euro","Chemicals","K + S N (XETRA)","Active",
"KAP","D:IUR","IURG.F","16.12.1986","1986","Equities","Deutsche Boerse AG","Germany","Euro","Personal Goods","KAP","Active",
"KAP (XET)","D:IURX","IURG.DE","12.03.2019","2019","Equities","Xetra","Germany","Euro","Personal Goods","KAP (XETRA)","Active",
"KHD HMB.WDG.INDL.SVS.","D:HETA","HETAn.F","18.04.1990","1990","Equities","Deutsche Boerse AG","Germany","Euro","Industrial Materials","KHD Humboldt Wedag Industrial Services","Active",
"KHD HMB.WDG.INTL.","D:KWG","KWGG.F","26.09.1988","1988","Equities","Deutsche Boerse AG","Germany","Euro","Industrial Engineering","KHD Humboldt Wedag International","Active",
"KHD HMB.WDG.INTL. (XET)","D:KWGX","KWGG.DE","10.12.2001","2001","Equities","Xetra","Germany","Euro","Industrial Engineering","KHD Humboldt Wedag International (XETRA)","Active",
"KION GROUP (XET)","D:KGXX","KGX.DE","27.06.2013","2013","Equities","Xetra","Germany","Euro","Industrial Engineering","Kion Group (XETRA)","Active",
"KLASSIK RADIO","D:KA8","KA8Gn.F","15.12.2004","2004","Equities","Deutsche Boerse AG","Germany","Euro","Telecommunications Service Providers","Klassik Radio","Active",
"KLASSIK RADIO (XET)","D:KA8X","KA8Gn.DE","15.12.2004","2004","Equities","Xetra","Germany","Euro","Telecommunications Service Providers","Klassik Radio (XETRA)","Active",
"KLOECKNER & CO (XET)","D:KCOX","KCOGn.DE","27.06.2006","2006","Equities","Xetra","Germany","Euro","Industrial Metals and Mining","Kloeckner and Company (XETRA)","Active",
"KNAUS TABBERT","D:KTA","KTAG.F","23.09.2020","2020","Equities","Deutsche Boerse AG","Germany","Euro","Leisure Goods","Knaus Tabbert","Active",
"KNAUS TABBERT (XET)","D:KTAX","KTAG.DE","23.09.2020","2020","Equities","Xetra","Germany","Euro","Leisure Goods","Knaus Tabbert (XETRA)","Active",
"KNORR BREMSE (XET)","D:KBXX","KBX.DE","12.10.2018","2018","Equities","Xetra","Germany","Euro","Industrial Transportation","Knorr Bremse (XETRA)","Active",
"KOENIG & BAUER","D:SKB","SKBG.F","26.09.1988","1988","Equities","Deutsche Boerse AG","Germany","Euro","Industrial Engineering","Koenig and Bauer","Active",
"KOENIG & BAUER (XET)","D:SKBX","SKBG.DE","24.09.1999","1999","Equities","Xetra","Germany","Euro","Industrial Engineering","Koenig and Bauer (XETRA)","Active",
"KONSORTIUM","D:KUB1","KUB1G.MU","21.12.2000","2000","Equities","Munich","Germany","Euro","Investment Banking and Brokerage Services","Konsortium","Active",
"KONTRON (XET)","D:KTNX","KTN.DE","17.11.2000","2000","Equities","Xetra","Germany","Euro","Software and Computer Services","Kontron (XETRA)","Active",
"KPS","D:KSC","HACGn.F","13.07.1999","1999","Equities","Deutsche Boerse AG","Germany","Euro","Software and Computer Services","KPS","Active",
"KPS (XET)","D:KSCX","HACGn.DE","15.07.1999","1999","Equities","Xetra","Germany","Euro","Software and Computer Services","KPS (XETRA)","Active",
"KRONES (XET)","D:KRNX","KRNG.DE","23.10.1998","1998","Equities","Xetra","Germany","Euro","Industrial Engineering","Krones (XETRA)","Active",
"KSB (XET)","D:KSBX","KSBG.DE","21.12.1998","1998","Equities","Xetra","Germany","Euro","Industrial Engineering","KSB (XETRA)","Active",
"KST BETEILIGUNGS","D:KSW","KSWG.F","17.07.1998","1998","Equities","Deutsche Boerse AG","Germany","Euro","Investment Banking and Brokerage Services","KST Beteiligungs","Active",
"KULMBACHER BRAUEREI","D:KUL","KULG.MU","26.09.1988","1988","Equities","Munich","Germany","Euro","Beverages","Kulmbacher Brauerei","Active",
"KWS SAAT (XET)","D:KWSX","KWSG.DE","29.05.2000","2000","Equities","Xetra","Germany","Euro","Food Producers","KWS Saat (XETRA)","Active",
"LAIQON","D:LQAG","LQAG.F","27.10.2005","2005","Equities","Deutsche Boerse AG","Germany","Euro","Investment Banking and Brokerage Services","Laiqon","Active",
"LAIQON (XET)","D:LQAGX","LQAG.DE","27.10.2005","2005","Equities","Xetra","Germany","Euro","Investment Banking and Brokerage Services","Laiqon (XETRA)","Active",
"LAMPETIA","D:LEH","LEH.F","03.01.2006","2006","Equities","Deutsche Boerse AG","Germany","Euro","Personal Care, Drug and Grocery Stores","Lampetia","Active",
"LANDSHUTER KUNSTMUHLE","D:LKM","LKMG.MU","04.10.1988","1988","Equities","Munich","Germany","Euro","Food Producers","Landshuter Kunstmuhle","Active",
"LANG UND SCHWARZ N (XET)","D:LUS1X","LUS1n.DE","27.09.2006","2006","Equities","Xetra","Germany","Euro","Investment Banking and Brokerage Services","Lang und Schwarz N (XETRA)","Active",
"LANXESS (XET)","D:LXSX","LXSG.DE","31.01.2005","2005","Equities","Xetra","Germany","Euro","Chemicals","Lanxess (XETRA)","Active",
"LATONBA","D:LA2","LA2.D","03.10.2023","2023","Equities","Duesseldorf","Germany","Euro","Investment Banking and Brokerage Services","Latonba","Active",
"LEARND","D:LRND","LRND.F","19.10.2021","2021","Equities","Deutsche Boerse AG","Germany","Euro","Open End and Miscellaneous Investment Vehicles","Learnd","Active",
"LEIFHEIT","D:LEI","LEIG.F","02.10.1984","1984","Equities","Deutsche Boerse AG","Germany","Euro","Household Goods and Home Construction","Leifheit","Active",
"LEIFHEIT (XET)","D:LEIX","LEIG.DE","18.06.1999","1999","Equities","Xetra","Germany","Euro","Household Goods and Home Construction","Leifheit (XETRA)","Active",
"LEO INTERNATIONAL PRECISION HEALTH","D:LEOW","LEOW.F","05.09.2001","2001","Equities","Deutsche Boerse AG","Germany","Euro","Open End and Miscellaneous Investment Vehicles","LEO International Precision Health","Active",
"LEWAG HOLDING","D:KGR","KGRG.F","28.10.1988","1988","Equities","Deutsche Boerse AG","Germany","Euro","Industrial Metals and Mining","Lewag Holding","Active",
"LHI PALAIMON GENU. 01/2018-31.12.2030 PAR","D:L03A","L03Ag.MU","31.01.2018","2018","Equities","Munich","Germany","Euro","Real Estate Investment and Services","LHI Palaimon Genu 01/2018-31.12.2030 Par","Active",
"LHI PORTUNUS GENUSSCHEINE PAR","D:LHG1","LHG1g.MU","01.02.2016","2016","Equities","Munich","Germany","Euro","Open End and Miscellaneous Investment Vehicles","LHI Portunus Genusscheine Par","Active",
"LHI PORTUNUS I GENUSSE PAR","D:LHG4","LHG4g.MU","26.09.2018","2018","Equities","Munich","Germany","Euro","Banks","LHI Portunus I Genusse Par","Active",
"LIBERO FOOTBALL (XET) FINANCE","D:TUFX","TUFG.DE","03.11.2025","2025","Equities","Xetra","Germany","Euro","Investment Banking and Brokerage Services","Libero Football (XETRA) Finance","Active",
"LIBERO FOOTBALL FINANCE","D:TUF","TUFG.F","26.03.2019","2019","Equities","Deutsche Boerse AG","Germany","Euro","Investment Banking and Brokerage Services","Libero Football Finance","Active",
"LIMES (XET) SCHLOSSKLINIKEN","D:LIKX","LIK.DE","18.03.2019","2019","Equities","Xetra","Germany","Euro","Health Care Providers","Limes (XETRA) Schlosskliniken","Active",
"LIMES SCHLOSSKLINIKEN","D:LIK","LIK.F","12.10.2018","2018","Equities","Deutsche Boerse AG","Germany","Euro","Health Care Providers","Limes Schlosskliniken","Active",
"LM PAY","D:Y00","Y00.F","21.11.2023","2023","Equities","Deutsche Boerse AG","Germany","Euro","Finance and Credit Services","LM Pay","Active",
"LODGYSLIFE","D:IRPA","IRPA.H","12.06.2018","2018","Equities","Hamburg","Germany","Euro","Investment Banking and Brokerage Services","Lodgyslife","Active",
"LOGWIN (XET)","D:TGHNX","TGHN.DE","20.03.2000","2000","Equities","Xetra","Germany","Euro","Industrial Transportation","Logwin (XETRA)","Active",
"LPKF LASER & ELTN. (XET)","D:LPKX","LPKG.DE","01.12.1998","1998","Equities","Xetra","Germany","Euro","Technology Hardware and Equipment","LPKF Laser and Electronics (XETRA)","Active",
"LS TELCOM","D:LSX","LSXG.F","14.03.2001","2001","Equities","Deutsche Boerse AG","Germany","Euro","Software and Computer Services","LS Telcom","Active",
"LS TELCOM (XET)","D:LSXX","LSXG.DE","14.03.2001","2001","Equities","Xetra","Germany","Euro","Software and Computer Services","LS Telcom (XETRA)","Active",
"LUDWIG BECK","D:ECK","ECKG.F","18.05.1998","1998","Equities","Deutsche Boerse AG","Germany","Euro","Retailers","Ludwig Beck","Active",
"LUDWIG BECK (XET)","D:ECKX","ECKG.DE","17.06.1999","1999","Equities","Xetra","Germany","Euro","Retailers","Ludwig Beck (XETRA)","Active",
"LUEBKE KELBER N","D:SZ50","SZ50n.D","08.02.2012","2012","Equities","Duesseldorf","Germany","Euro","Investment Banking and Brokerage Services","Luebke Kelber N","Active",
"LUEBKE KELBER N (XET)","D:SZ50X","SZ50n.DE","02.05.2024","2024","Equities","Xetra","Germany","Euro","Investment Banking and Brokerage Services","Luebke Kelber N (XETRA)","Active",
"M1 KLINIKEN (XET)","D:M12X","M12.DE","14.09.2015","2015","Equities","Xetra","Germany","Euro","Health Care Providers","M1 Kliniken (XETRA)","Active",
"MAGFORCE","D:MF6","MF6G.SG","19.09.2007","2007","Equities","Stuttgart","Germany","Euro","Software and Computer Services","Magforce","Active",
"MAINOVA","D:MNV6","MNVG.F","26.09.1988","1988","Equities","Deutsche Boerse AG","Germany","Euro","Gas, Water and Multi-utilities","Mainova","Active",
"MANZ","D:M5Z","M5ZG.F","21.09.2006","2006","Equities","Deutsche Boerse AG","Germany","Euro","Technology Hardware and Equipment","Manz","Active",
"MARLEY SPOON GROUP","D:MS1","MS1.F","20.01.2022","2022","Equities","Deutsche Boerse AG","Germany","Euro","Consumer Services","Marley Spoon Group","Active",
"MARLEY SPOON GROUP (XET)","D:MS1X","MS1.DE","20.01.2022","2022","Equities","Xetra","Germany","Euro","Consumer Services","Marley Spoon Group (XETRA)","Active",
"MASTERFLEX","D:MZX","MZXG.F","15.06.2000","2000","Equities","Deutsche Boerse AG","Germany","Euro","Chemicals","Masterflex","Active",
"MASTERFLEX (XET)","D:MZXX","MZXG.DE","15.06.2000","2000","Equities","Xetra","Germany","Euro","Chemicals","Masterflex (XETRA)","Active",
"MATERNUS KLINIKEN","D:MAK","MAKG.F","26.09.1988","1988","Equities","Deutsche Boerse AG","Germany","Euro","Health Care Providers","Maternus Kliniken","Active",
"MATERNUS KLINIKEN (XET)","D:MAKX","MAKG.DE","21.05.1999","1999","Equities","Xetra","Germany","Euro","Health Care Providers","Maternus Kliniken (XETRA)","Active",
"MAX AUTOMATION","D:MXHN","MXHNn.F","27.05.1994","1994","Equities","Deutsche Boerse AG","Germany","Euro","Industrial Engineering","Max Automation","Active",
"MAX AUTOMATION (XET)","D:MXHNX","MXHNn.DE","07.05.1999","1999","Equities","Xetra","Germany","Euro","Industrial Engineering","Max Automation (XETRA)","Active",
"MBB (XET)","D:MBBX","MBBG.DE","08.05.2006","2006","Equities","Xetra","Germany","Euro","Investment Banking and Brokerage Services","MBB (XETRA)","Active",
"MBH","D:M8H0","M8H0.D","16.02.2018","2018","Equities","Duesseldorf","Germany","Euro","Software and Computer Services","MBH","Active",
"MEDICLIN","D:MED","MEDG.F","05.12.2000","2000","Equities","Deutsche Boerse AG","Germany","Euro","Health Care Providers","Mediclin","Active",
"MEDICLIN (XET)","D:MEDX","MEDG.DE","05.12.2000","2000","Equities","Xetra","Germany","Euro","Health Care Providers","Mediclin (XETRA)","Active",
"MEDIGENE","D:MDG1","MDG1k.F","29.06.2000","2000","Equities","Deutsche Boerse AG","Germany","Euro","Pharmaceuticals and Biotechnology","Medigene","Active",
"MEDINAVI K","D:MDQ","MDQk.H","05.11.2010","2010","Equities","Hamburg","Germany","Euro","Health Care Providers","Medinavi K","Active",
"MEDIOS (XET)","D:ILM1X","ILM1k.DE","16.07.1999","1999","Equities","Xetra","Germany","Euro","Pharmaceuticals and Biotechnology","Medios (XETRA)","Active",
"MEDNATION","D:EIF","EIFG.F","27.06.1991","1991","Equities","Deutsche Boerse AG","Germany","Euro","Health Care Providers","Mednation","Active",
"MEDNATION (XET)","D:EIFX","EIFG.DE","20.01.2025","2025","Equities","Xetra","Germany","Euro","Health Care Providers","Mednation (XETRA)","Active",
"MEDONDO HOLDING","D:AMI","AMI1.F","18.08.2011","2011","Equities","Deutsche Boerse AG","Germany","Euro","Industrial Support Services","Medondo Holding","Active",
"MENSCH UND MASCHINE(XET) SOFTWARE","D:MUMX","MUMG.DE","12.10.1998","1998","Equities","Xetra","Germany","Euro","Software and Computer Services","Mensch und Maschine (XETRA) Software","Active",
"MERCEDES-BENZ GROUP(XET) N","D:MBGX","MBGn.DE","27.10.1998","1998","Equities","Xetra","Germany","Euro","Automobiles and Parts","Mercedes-Benz Group (XETRA) N","Active",
"MERITU N","D:8888","8888n.D","27.06.2024","2024","Equities","Duesseldorf","Germany","Euro","Media","Meritu N","Active",
"MERKUR PRIVATBANK","D:MBK","MBKG.F","23.03.1999","1999","Equities","Deutsche Boerse AG","Germany","Euro","Banks","Merkur Privatbank","Active",
"MERKUR PRIVATBANK (XET)","D:MBKX","MBKG.DE","22.01.2002","2002","Equities","Xetra","Germany","Euro","Banks","Merkur Privatbank (XETRA)","Active",
"META WOLF","D:WOLF","WOLFG.F","25.08.1995","1995","Equities","Deutsche Boerse AG","Germany","Euro","Construction and Materials","Meta Wolf","Active",
"META WOLF (XET)","D:WOLFX","WOLFG.DE","01.04.2022","2022","Equities","Xetra","Germany","Euro","Construction and Materials","Meta Wolf (XETRA)","Active",
"MEVIS MEDICAL SLTN.(XET)","D:M3VX","M3VGn.DE","15.11.2007","2007","Equities","Xetra","Germany","Euro","Software and Computer Services","Mevis Medical Solutions (XETRA)","Active",
"MEVIS MEDICAL SOLUTIONS","D:M3V","M3VGn.F","15.11.2007","2007","Equities","Deutsche Boerse AG","Germany","Euro","Software and Computer Services","Mevis Medical Solutions","Active",
"MHP HOTEL","D:CDZ0","CDZ0.F","03.11.2006","2006","Equities","Deutsche Boerse AG","Germany","Euro","Media","MHP Hotel","Active",
"MHP HOTEL (XET)","D:CDZ0X","CDZ0.DE","08.02.2022","2022","Equities","Xetra","Germany","Euro","Media","MHP Hotel (XETRA)","Active",
"MING LE SPORTS","D:ML2","ML2G.F","05.07.2012","2012","Equities","Deutsche Boerse AG","Germany","Euro","Personal Goods","Ming Le Sports","Active",
"MISTER SPEX","D:MRX","MRXG.F","02.07.2021","2021","Equities","Deutsche Boerse AG","Germany","Euro","Retailers","Mister Spex","Active",
"MISTER SPEX (XET)","D:MRXX","MRXG.DE","02.07.2021","2021","Equities","Xetra","Germany","Euro","Retailers","Mister Spex (XETRA)","Active",
"MLP (XET)","D:MLPX","MLPG.DE","15.10.1998","1998","Equities","Xetra","Germany","Euro","Investment Banking and Brokerage Services","MLP (XETRA)","Active",
"MNLR.UBERKINGEN-TEIN","D:MUT","MUTG.F","28.10.1988","1988","Equities","Deutsche Boerse AG","Germany","Euro","Beverages","MNLR Uberkingen-Tein","Active",
"MOBOTIX","D:MBQ","MBQGn.F","09.10.2007","2007","Equities","Deutsche Boerse AG","Germany","Euro","Electronic and Electrical Equipment","Mobotix","Active",
"MOBOTIX (XET)","D:MBQX","MBQGn.DE","09.10.2007","2007","Equities","Xetra","Germany","Euro","Electronic and Electrical Equipment","Mobotix (XETRA)","Active",
"MOUNTAIN ALLIANCE (XET)","D:ECFX","ECF1.DE","21.12.2010","2010","Equities","Xetra","Germany","Euro","Retailers","Mountain Alliance (XETRA)","Active",
"MPC MUENCHMEYER CAP(XET) K","D:MPCKX","MPCKk.DE","28.09.2000","2000","Equities","Xetra","Germany","Euro","Investment Banking and Brokerage Services","MPC Muenchmeyer Cap (XETRA) K","Active",
"MPC MUENCHMEYER CAP.K","D:MPCK","MPCKk.F","28.09.2000","2000","Equities","Deutsche Boerse AG","Germany","Euro","Investment Banking and Brokerage Services","MPC Muenchmeyer Capital K","Active",
"MPH HEALTH CARE K","D:93M1","93M1k.F","03.09.2014","2014","Equities","Deutsche Boerse AG","Germany","Euro","Investment Banking and Brokerage Services","MPH Health Care K","Active",
"MPH HEALTH CARE K (XET)","D:93M1X","93M1k.DE","03.09.2014","2014","Equities","Xetra","Germany","Euro","Investment Banking and Brokerage Services","MPH Health Care K (XETRA)","Active",
"MS INDUSTRIE","D:MSAG","MSAG.F","28.05.2001","2001","Equities","Deutsche Boerse AG","Germany","Euro","Industrial Support Services","MS Industrie","Active",
"MS INDUSTRIE (XET)","D:MSAGX","MSAG.DE","31.10.2001","2001","Equities","Xetra","Germany","Euro","Industrial Support Services","MS Industrie (XETRA)","Active",
"MSG LIFE","D:MSGL","MSGL.H","18.02.2000","2000","Equities","Hamburg","Germany","Euro","Software and Computer Services","MSG Life","Active",
"MTU AERO ENGINES (XET) HLDG.","D:MTXX","MTXGn.DE","03.06.2005","2005","Equities","Xetra","Germany","Euro","Aerospace and Defense","MTU Aero Engines (XETRA) Holding","Active",
"MUEHLBAUER HOLDING (XET)","D:MUBX","MUBG.DE","12.10.1998","1998","Equities","Xetra","Germany","Euro","Technology Hardware and Equipment","Muehlbauer Holding (XETRA)","Active",
"MUELLER- DIE LILA (XET) LOGISTIK","D:MLLX","MLLG.DE","29.05.2001","2001","Equities","Xetra","Germany","Euro","Industrial Support Services","Mueller- Die Lila (XETRA) Logistik","Active",
"MUELLER- DIE LILA LOGISTIK","D:MLL","MLLG.F","29.05.2001","2001","Equities","Deutsche Boerse AG","Germany","Euro","Industrial Support Services","Mueller- Die Lila Logistik","Active",
"MUENCHENER TP.HELLABRUNN","D:MTP","MTPG.MU","28.10.1988","1988","Equities","Munich","Germany","Euro","Travel and Leisure","Muenchener Tierpark Hellabrunn","Active",
"MURPHY&SPITZ GREEN CAPITAL","D:6MP","MUSGn.D","25.01.2010","2010","Equities","Duesseldorf","Germany","Euro","Investment Banking and Brokerage Services","Murphy and Spitz Green Capital","Active",
"MUTARES (XET)","D:MUXX","MUXG.DE","09.06.2008","2008","Equities","Xetra","Germany","Euro","Investment Banking and Brokerage Services","Mutares (XETRA)","Active",
"MVISE K","D:C1V0","C1V0k.F","12.01.2006","2006","Equities","Deutsche Boerse AG","Germany","Euro","Software and Computer Services","Mvise K","Active",
"MVISE K (XET)","D:C1V0X","C1V0k.DE","12.01.2006","2006","Equities","Xetra","Germany","Euro","Software and Computer Services","Mvise K (XETRA)","Active",
"MVV ENERGIE (XET)","D:MVV1X","MVVGn.DE","01.06.1999","1999","Equities","Xetra","Germany","Euro","Electricity","MVV Energie (XETRA)","Active",
"MWB AG","O:MWBA","MWB.VI","03.07.2024","2024","Equities","Vienna Stock Exchange","Germany","Euro","Retailers","MWB AG","Active",
"MWB FAIRTRADE (XET) WERTPAPIERHANDELSBANK N","D:MWB0X","MWB0n.DE","23.04.1999","1999","Equities","Xetra","Germany","Euro","Investment Banking and Brokerage Services","MWB Fairtrade (XETRA) Wertpapierhandelsbank N","Active",
"MWB FAIRTRADE WERTPAPIERHANDELSBANK N","D:MWB0","MWB0n.F","20.04.1999","1999","Equities","Deutsche Boerse AG","Germany","Euro","Investment Banking and Brokerage Services","MWB Fairtrade Wertpapierhandelsbank N","Active",
"MY BUCKS","D:MBC","MBCG.SG","22.06.2016","2016","Equities","Stuttgart","Germany","Euro","Investment Banking and Brokerage Services","My Bucks","Active",
"NABAG","D:NAB","NABG.H","04.01.2016","2016","Equities","Hamburg","Germany","Euro","Investment Banking and Brokerage Services","Nabag","Active",
"NABALTEC","D:NTG","NTGG.F","23.11.2006","2006","Equities","Deutsche Boerse AG","Germany","Euro","Chemicals","Nabaltec","Active",
"NABALTEC (XET)","D:NTGX","NTGG.DE","23.11.2006","2006","Equities","Xetra","Germany","Euro","Chemicals","Nabaltec (XETRA)","Active",
"NAGARRO N (XET)","D:NA9X","NA9n.DE","16.12.2020","2020","Equities","Xetra","Germany","Euro","Software and Computer Services","Nagarro N (XETRA)","Active",
"NAK STOFFE","D:NAK","NAKG.H","26.09.1988","1988","Equities","Hamburg","Germany","Euro","Personal Goods","NAK Stoffe","Active",
"NAKIKI K","D:WDL1","WDL1k.F","06.05.2015","2015","Equities","Deutsche Boerse AG","Germany","Euro","Retailers","Nakiki K","Active",
"NAKIKI K (XET)","D:WDL1X","WDL1k.DE","19.04.2024","2024","Equities","Xetra","Germany","Euro","Retailers","Nakiki K (XETRA)","Active",
"NANOREPRO","D:NN6","NN6G.F","09.10.2008","2008","Equities","Deutsche Boerse AG","Germany","Euro","Medical Equipment and Services","Nanorepro","Active",
"NANOREPRO (XET)","D:NN6X","NN6G.DE","09.10.2008","2008","Equities","Xetra","Germany","Euro","Medical Equipment and Services","Nanorepro (XETRA)","Active",
"NAVSTONE","D:NUQA","NUQA.MU","21.06.2005","2005","Equities","Munich","Germany","Euro","Investment Banking and Brokerage Services","Navstone","Active",
"NCTE N","D:286","286n.F","10.10.2023","2023","Equities","Deutsche Boerse AG","Germany","Euro","Electronic and Electrical Equipment","Ncte N","Active",
"NEBELHORNBAHN N","D:NHB0","NHB0n.MU","26.09.1988","1988","Equities","Munich","Germany","Euro","Travel and Leisure","Nebelhornbahn N","Active",
"NET DIGITAL (DUS)","D:VRL","VRL.D","03.01.2017","2017","Equities","Duesseldorf","Germany","Euro","Software and Computer Services","Net Digital (Dusseldorf)","Active",
"NET DIGITAL (XET)","D:VRLX","VRL.DE","23.01.2019","2019","Equities","Xetra","Germany","Euro","Software and Computer Services","Net Digital (XETRA)","Active",
"NETFONDS","D:NF4","NF4.F","03.09.2018","2018","Equities","Deutsche Boerse AG","Germany","Euro","Finance and Credit Services","Netfonds","Active",
"NETFONDS (XET)","D:NF4X","NF4.DE","14.09.2018","2018","Equities","Xetra","Germany","Euro","Finance and Credit Services","Netfonds (XETRA)","Active",
"NEUHOF TEXTIL- HOLDING","D:SPN","SPNG.MU","28.10.1988","1988","Equities","Munich","Germany","Euro","Personal Goods","Neuhof Textil- Holding","Active",
"NEXR TECHNOLOGIES","D:NXR","NXRG.F","30.01.2012","2012","Equities","Deutsche Boerse AG","Germany","Euro","Leisure Goods","Nexr Technologies","Active",
"NEXUS INFRASTRUCTURE","NEXS","NEXSN.L","10.07.2017","2017","Equities","London","Germany","United Kingdom Pound","Construction and Materials","Nexus Infrastructure","Active",
"NFON","D:NFN","NFN.F","09.05.2018","2018","Equities","Deutsche Boerse AG","Germany","Euro","Telecommunications Service Providers","Nfon","Active",
"NFON (XET)","D:NFNX","NFN.DE","11.05.2018","2018","Equities","Xetra","Germany","Euro","Telecommunications Service Providers","Nfon (XETRA)","Active",
"NIIIO FINANCE GROUP N","D:NIIN","NIIGn.H","08.10.2007","2007","Equities","Hamburg","Germany","Euro","Consumer Services","Niiio Finance Group N","Active",
"NORATIS","D:NUVA","NUVG.F","30.06.2017","2017","Equities","Deutsche Boerse AG","Germany","Euro","Telecommunications Equipment","Noratis","Active",
"NORCOM INFO.TECH.","D:NC5A","NC5Ak.F","30.09.1999","1999","Equities","Deutsche Boerse AG","Germany","Euro","Software and Computer Services","Norcom Information Technology","Active",
"NORCOM INFO.TECH. (XET)","D:NC5AX","NC5Ak.DE","04.10.1999","1999","Equities","Xetra","Germany","Euro","Software and Computer Services","Norcom Information Technology (XETRA)","Active",
"NORDEX (XET)","D:NDX1X","NDXG.DE","30.03.2001","2001","Equities","Xetra","Germany","Euro","Alternative Energy","Nordex (XETRA)","Active",
"NORDWEST HANDEL","D:NWX","NWXG.F","20.08.1999","1999","Equities","Deutsche Boerse AG","Germany","Euro","Industrial Support Services","Nordwest Handel","Active",
"NORMA GROUP (XET)","D:NOEJX","NOEJ.DE","07.04.2011","2011","Equities","Xetra","Germany","Euro","Industrial Engineering","Norma Group (XETRA)","Active",
"NORTHERN DATA (XET)","D:NB2X","NB2.DE","05.10.2018","2018","Equities","Xetra","Germany","Euro","Software and Computer Services","Northern Data (XETRA)","Active",
"NOVEM GROUP","D:NVM","NVM.F","19.07.2021","2021","Equities","Deutsche Boerse AG","Germany","Euro","Automobiles and Parts","Novem Group","Active",
"NOVEM GROUP (XET)","D:NVMX","NVM.DE","19.07.2021","2021","Equities","Xetra","Germany","Euro","Automobiles and Parts","Novem Group (XETRA)","Active",
"NOVETUM","D:5NB","5NB.D","11.04.2016","2016","Equities","Duesseldorf","Germany","Euro","Investment Banking and Brokerage Services","Novetum","Active",
"NUCLETRON ELECTRONIC","D:NUC","NUCG.SG","15.12.1986","1986","Equities","Stuttgart","Germany","Euro","Electronic and Electrical Equipment","Nucletron Electronic","Active",
"NUERNBERGER BETS. (XET)","D:NBG6X","NLVGn.DE","23.04.1999","1999","Equities","Xetra","Germany","Euro","Non-life Insurance","Nuernberger Beteiligungs (XETRA)","Active",
"NYNOMIC","D:M7U","M7UG.F","29.06.2007","2007","Equities","Deutsche Boerse AG","Germany","Euro","Electronic and Electrical Equipment","Nynomic","Active",
"NYNOMIC (XET)","D:M7UX","M7UG.DE","29.06.2007","2007","Equities","Xetra","Germany","Euro","Electronic and Electrical Equipment","Nynomic (XETRA)","Active",
"OAB","D:OAB0","OAB0.H","28.10.1988","1988","Equities","Hamburg","Germany","Euro","Real Estate Investment and Services","OAB","Active",
"OBERSTDORFER BERGBAHN","D:KVO","KVOG.MU","28.10.1988","1988","Equities","Munich","Germany","Euro","Travel and Leisure","Oberstdorfer Bergbahn","Active",
"OHB (XET)","D:OHBX","OHBG.DE","12.03.2001","2001","Equities","Xetra","Germany","Euro","Telecommunications Equipment","OHB (XETRA)","Active",
"OPPORISCH","D:L39","L39.D","14.02.2025","2025","Equities","Duesseldorf","Germany","Euro","Open End and Miscellaneous Investment Vehicles","Opporisch","Active",
"ORBIS","D:OBS","OBS.F","22.09.2000","2000","Equities","Deutsche Boerse AG","Germany","Euro","Software and Computer Services","Orbis","Active",
"ORBIS (XET)","D:OBSX","OBS.DE","22.09.2000","2000","Equities","Xetra","Germany","Euro","Software and Computer Services","Orbis (XETRA)","Active",
"OTTOBOCK (XET)","D:OBCKX","OBCK.DE","09.10.2025","2025","Equities","Xetra","Germany","Euro","Medical Equipment and Services","Ottobock (XETRA)","Active",
"OVB HOLDING (XET)","D:O4BX","O4BG.DE","20.07.2006","2006","Equities","Xetra","Germany","Euro","Investment Banking and Brokerage Services","OVB Holding (XETRA)","Active",
"PAION","D:PA8","PA8.F","11.02.2005","2005","Equities","Deutsche Boerse AG","Germany","Euro","Pharmaceuticals and Biotechnology","Paion","Active",
"PAL NEXT","D:PAL","PALG.F","03.03.2015","2015","Equities","Deutsche Boerse AG","Germany","Euro","Media","PAL Next","Active",
"PAL NEXT (XET)","D:PALX","PALG.DE","23.09.2015","2015","Equities","Xetra","Germany","Euro","Media","PAL Next (XETRA)","Active",
"PARAGON","D:PGN","PGNG.F","28.11.2000","2000","Equities","Deutsche Boerse AG","Germany","Euro","Electronic and Electrical Equipment","Paragon","Active",
"PARAGON (XET)","D:PGNX","PGNG.DE","28.11.2000","2000","Equities","Xetra","Germany","Euro","Electronic and Electrical Equipment","Paragon (XETRA)","Active",
"PARK & BELLHEIMER","D:PKB","PKBG.F","26.09.1988","1988","Equities","Deutsche Boerse AG","Germany","Euro","Beverages","Park and Bellheimer","Active",
"PARTEC N","D:JY0","JY0n.H","03.07.2023","2023","Equities","Hamburg","Germany","Euro","Non-life Insurance","Partec N","Active",
"PATH2 HYDROGEN","D:PTHH","PTHH.F","18.02.2000","2000","Equities","Deutsche Boerse AG","Germany","Euro","Media","PATH2 Hydrogen","Active",
"PATH2 HYDROGEN (XET)","D:PTHHX","PTHH.DE","16.07.2025","2025","Equities","Xetra","Germany","Euro","Media","PATH2 Hydrogen (XETRA)","Active",
"PATRIZIA (XET)","D:PATX","PATGn.DE","30.03.2006","2006","Equities","Xetra","Germany","Euro","Real Estate Investment and Services","Patrizia (XETRA)","Active",
"PEARL GOLD","D:02P","PGAG.F","21.12.2010","2010","Equities","Deutsche Boerse AG","Germany","Euro","Precious Metals and Mining","Pearl Gold","Active",
"PEH WERTPAPIER","D:PEH","PEHG.F","20.11.1998","1998","Equities","Deutsche Boerse AG","Germany","Euro","Investment Banking and Brokerage Services","Peh Wertpapier","Active",
"PENTIXAPHARM (XET) HOLDING N","D:PTPX","PTPn.DE","03.10.2024","2024","Equities","Xetra","Germany","Euro","Pharmaceuticals and Biotechnology","Pentixapharm (XETRA) Holding N","Active",
"PENTIXAPHARM HOLDING N","D:PTP","PTPn.F","03.10.2024","2024","Equities","Deutsche Boerse AG","Germany","Euro","Pharmaceuticals and Biotechnology","Pentixapharm Holding N","Active",
"PETRONOR E&P","N:PEEP","PNOR.OL","28.02.2022","2022","Equities","Oslo Bors","Germany","Norwegian Krone","Oil, Gas and Coal","Petronor E&P","Active",
"PFEIFFER VACUUM (XET) TECH.","D:PFVX","PV.DE","12.10.1998","1998","Equities","Xetra","Germany","Euro","Industrial Engineering","Pfeiffer Vacuum (XETRA) Technology","Active",
"PFERDEWETTEN DE N","D:EMH","EMHn.F","18.07.2000","2000","Equities","Deutsche Boerse AG","Germany","Euro","Software and Computer Services","Pferdewetten de N","Active",
"PFERDEWETTEN DE N (XET)","D:EMHX","EMHn.DE","18.07.2000","2000","Equities","Xetra","Germany","Euro","Software and Computer Services","Pferdewetten de N (XETRA)","Active",
"PFISTERER (XET)","D:PFSEX","PFSE.DE","14.05.2025","2025","Equities","Xetra","Germany","Euro","Electronic and Electrical Equipment","Pfisterer (XETRA)","Active",
"PFLEGE DIGITALISIERUNG INVEST","D:Y59","Y59.D","16.09.2022","2022","Equities","Duesseldorf","Germany","Euro","Health Care Providers","Pflege Digitalisierung Invest","Active",
"PHILION","D:PH6","PH6.D","20.12.2017","2017","Equities","Duesseldorf","Germany","Euro","Retailers","Philion","Active",
"PHOENIX SOLAR","D:PS4","PS4G.H","18.11.2004","2004","Equities","Hamburg","Germany","Euro","Alternative Energy","Phoenix Solar","Active",
"PILKINGTON DEUTSCHLAND","D:FDD","FDD.H","01.01.1973","1973","Equities","Hamburg","Germany","Euro","Real Estate Investment Trusts","Pilkington Deutschland","Active",
"PITTLER MASCHINEN.","D:PIT","PITG.F","26.09.1988","1988","Equities","Deutsche Boerse AG","Germany","Euro","Industrial Engineering","Pittler Maschinenfabrik","Active",
"PLAN OPTIK","D:P4O","P4OG.F","28.12.2005","2005","Equities","Deutsche Boerse AG","Germany","Euro","Technology Hardware and Equipment","Plan Optik","Active",
"PLAN OPTIK (XET)","D:P4OX","P4OG.DE","28.12.2005","2005","Equities","Xetra","Germany","Euro","Technology Hardware and Equipment","Plan Optik (XETRA)","Active",
"PLANETHIC GROUP","D:VEZ","VEZ.F","10.11.2021","2021","Equities","Deutsche Boerse AG","Germany","Euro","Food Producers","Planethic Group","Active",
"PLANETHIC GROUP (XET)","D:VEZX","VEZ.DE","10.11.2021","2021","Equities","Xetra","Germany","Euro","Food Producers","Planethic Group (XETRA)","Active",
"PLATFORM GROUP N","D:TPG0","TPG0n.F","27.10.2020","2020","Equities","Deutsche Boerse AG","Germany","Euro","Retailers","Platform Group N","Active",
"PLENUM","D:PLEK","PLEKk.F","31.07.1998","1998","Equities","Deutsche Boerse AG","Germany","Euro","Software and Computer Services","Plenum","Active",
"PNE (XET)","D:PNE3X","PNEGn.DE","16.12.1998","1998","Equities","Xetra","Germany","Euro","Electricity","PNE (XETRA)","Active",
"POB N","D:PO1","PO1n.F","17.05.2022","2022","Equities","Deutsche Boerse AG","Germany","Euro","Software and Computer Services","POB N","Active",
"POB N (XET)","D:PO1X","PO1n.DE","13.04.2023","2023","Equities","Xetra","Germany","Euro","Software and Computer Services","POB N (XETRA)","Active",
"PREOS GLB.OFFE. RLST.& TECH.N","D:PAG","PAGn.MU","20.12.2018","2018","Equities","Munich","Germany","Euro","Real Estate Investment and Services","Preos Global Office Real Estate and Technology N","Active",
"PRIVATE ASSETS","D:LSNA","LSNA.MU","27.11.2020","2020","Equities","Munich","Germany","Euro","Investment Banking and Brokerage Services","Private Assets","Active",
"PRO DV K","D:PDA0","PDA0k.F","21.03.2000","2000","Equities","Deutsche Boerse AG","Germany","Euro","Software and Computer Services","Pro Droit de Vote K","Active",
"PRO DV K (XET)","D:PDA0X","PDA0k.DE","22.03.2000","2000","Equities","Xetra","Germany","Euro","Software and Computer Services","Pro Droit de Vote K (XETRA)","Active",
"PROCREDIT HOLDING (XET)","D:PCZX","PCZ.DE","23.12.2016","2016","Equities","Xetra","Germany","Euro","Banks","Procredit Holding (XETRA)","Active",
"PROSIEBENSAT 1 (XET) MEDIA","D:PSMX","PSMGn.DE","07.07.1997","1997","Equities","Xetra","Germany","Euro","Media","Prosiebensat 1 (XETRA) Media","Active",
"PSI SOFTWARE (XET)","D:PSANX","PSAGn.DE","12.10.1998","1998","Equities","Xetra","Germany","Euro","Software and Computer Services","PSI Software (XETRA)","Active",
"PUBLITY","D:PBY","PBYG.SG","01.04.2015","2015","Equities","Stuttgart","Germany","Euro","Real Estate Investment and Services","Publity","Active",
"PUMA (XET)","D:PUMX","PUMG.DE","31.07.1996","1996","Equities","Xetra","Germany","Euro","Personal Goods","Puma (XETRA)","Active",
"PVA TEPLA (XET)","D:TPEX","TPEG.DE","22.06.1999","1999","Equities","Xetra","Germany","Euro","Technology Hardware and Equipment","PVA Tepla (XETRA)","Active",
"PWO","D:PWO","PWO.F","26.09.1988","1988","Equities","Deutsche Boerse AG","Germany","Euro","Industrial Materials","PWO","Active",
"PWO (XET)","D:PWOX","PWO.DE","05.08.1999","1999","Equities","Xetra","Germany","Euro","Industrial Materials","PWO (XETRA)","Active",
"PYRAMID K","D:M3B0","M3B0k.F","24.10.2006","2006","Equities","Deutsche Boerse AG","Germany","Euro","Technology Hardware and Equipment","Pyramid K","Active",
"Q BEYOND K","D:QBY0","QBY0k.F","18.04.2000","2000","Equities","Deutsche Boerse AG","Germany","Euro","Software and Computer Services","Q Beyond K","Active",
"Q BEYOND K (XET)","D:QBY0X","QBY0k.DE","19.04.2000","2000","Equities","Xetra","Germany","Euro","Software and Computer Services","Q Beyond K (XETRA)","Active",
"Q-SOFT VERWALTUNGS","D:QS6A","QS6A.SG","07.08.2000","2000","Equities","Stuttgart","Germany","Euro","Software and Computer Services","Q-Soft Verwaltungs","Active",
"Q2M BIOTECH","D:QBI","QBIG.H","09.08.2006","2006","Equities","Hamburg","Germany","Euro","Pharmaceuticals and Biotechnology","Q2M Biotechnology","Active",
"QIAGEN (XET)","D:QIAX","QIA.DE","04.05.1998","1998","Equities","Xetra","Germany","Euro","Medical Equipment and Services","QIAGEN (XETRA)","Active",
"QUIRIN PRIVATBK","D:QB7","QB7G.F","11.10.2006","2006","Equities","Deutsche Boerse AG","Germany","Euro","Banks","Quirin Privatbk","Active",
"QUIRIN PRIVATBK (XET)","D:QB7X","QB7G.DE","11.10.2006","2006","Equities","Xetra","Germany","Euro","Banks","Quirin Privatbk (XETRA)","Active",
"R STAHL","D:RSL2","RSL2.F","21.07.1997","1997","Equities","Deutsche Boerse AG","Germany","Euro","Electronic and Electrical Equipment","R Stahl","Active",
"R STAHL (XET)","D:RSL2X","RSL2.DE","02.11.1998","1998","Equities","Xetra","Germany","Euro","Electronic and Electrical Equipment","R Stahl (XETRA)","Active",
"RAPID NUTRITION","F:RAPN","ALRPD.PA","22.06.2021","2021","Equities","Euronext.liffe Paris","Germany","Euro","Food Producers","Rapid Nutrition","Active",
"RATIONAL (XET)","D:RAAX","RAAG.DE","03.03.2000","2000","Equities","Xetra","Germany","Euro","Household Goods and Home Construction","Rational (XETRA)","Active",
"RCM BETEILIGUNGS","D:RCMN","RCMN.F","10.06.2005","2005","Equities","Deutsche Boerse AG","Germany","Euro","Real Estate Investment and Services","RCM Beteiligungs","Active",
"RCM BETEILIGUNGS (XET)","D:RCMNX","RCMN.DE","10.06.2005","2005","Equities","Xetra","Germany","Euro","Real Estate Investment and Services","RCM Beteiligungs (XETRA)","Active",
"READCREST CAPITAL K","D:EXJ0","EXJ0k.F","11.10.1999","1999","Equities","Deutsche Boerse AG","Germany","Euro","Media","Readcrest Capital K","Active",
"REALTECH","D:RTC","RTCG.F","23.04.1999","1999","Equities","Deutsche Boerse AG","Germany","Euro","Software and Computer Services","Realtech","Active",
"REALTECH (XET)","D:RTCX","RTCG.DE","27.04.1999","1999","Equities","Xetra","Germany","Euro","Software and Computer Services","Realtech (XETRA)","Active",
"REDCARE PHARMACY (XET)","D:RDCX","RDC.DE","13.10.2016","2016","Equities","Xetra","Germany","Euro","Personal Care, Drug and Grocery Stores","Redcare Pharmacy (XETRA)","Active",
"REEDEREI HERBERT EKKENGA","D:EKK1","EKK1.D","02.01.1998","1998","Equities","Duesseldorf","Germany","Euro","Industrial Transportation","Reederei Herbert Ekkenga","Active",
"REGENBOGEN","D:RGB","RGBG.F","12.04.2002","2002","Equities","Deutsche Boerse AG","Germany","Euro","Travel and Leisure","Regenbogen","Active",
"RENK GROUP (XET)","D:R3NKX","R3NK.DE","07.02.2024","2024","Equities","Xetra","Germany","Euro","Aerospace and Defense","Renk Group (XETRA)","Active",
"RHEINER MANAGEMENT","D:RMO","RMOG.D","19.05.1992","1992","Equities","Duesseldorf","Germany","Euro","Investment Banking and Brokerage Services","Rheiner Management","Active",
"RHEINLAND HOLDING","D:RLV","RLVG.D","04.10.1988","1988","Equities","Duesseldorf","Germany","Euro","Non-life Insurance","Rheinland Holding","Active",
"RHEINMETALL (XET)","D:RHMX","RHMG.DE","18.12.1996","1996","Equities","Xetra","Germany","Euro","Aerospace and Defense","Rheinmetall (XETRA)","Active",
"RHOEN-KLINIKUM (XET)","D:RHKX","RHKG.DE","19.10.1998","1998","Equities","Xetra","Germany","Euro","Health Care Providers","Rhoen-Klinikum (XETRA)","Active",
"RIM K","D:RUC0","RUC0k.H","24.06.2005","2005","Equities","Hamburg","Germany","Euro","Industrial Metals and Mining","Rim K","Active",
"RINGMETALL N","D:HP3A","HP3An.F","08.08.2007","2007","Equities","Deutsche Boerse AG","Germany","Euro","Investment Banking and Brokerage Services","Ringmetall N","Active",
"RINGMETALL N (XET)","D:HP3AX","HP3An.DE","11.02.2008","2008","Equities","Xetra","Germany","Euro","Investment Banking and Brokerage Services","Ringmetall N (XETRA)","Active",
"RIPAG","D:QOU","QOUG.H","06.07.2006","2006","Equities","Hamburg","Germany","Euro","Real Estate Investment and Services","Ripag","Active",
"RIXX INVEST K","D:R2E0","R2E0k.D","31.07.2006","2006","Equities","Duesseldorf","Germany","Euro","Real Estate Investment and Services","Rixx Invest K","Active",
"ROSTRA K","D:3330","3330k.F","27.06.2016","2016","Equities","Deutsche Boerse AG","Germany","Euro","Open End and Miscellaneous Investment Vehicles","Rostra K","Active",
"ROSTRA K (XET)","D:3330X","3330k.DE","14.02.2025","2025","Equities","Xetra","Germany","Euro","Open End and Miscellaneous Investment Vehicles","Rostra K (XETRA)","Active",
"ROY ASSET HOLDING","D:RY8","RY8.F","30.04.2015","2015","Equities","Deutsche Boerse AG","Germany","Euro","Household Goods and Home Construction","Roy Asset Holding","Active",
"RUBEAN","D:R1B","R1B.F","16.09.2016","2016","Equities","Deutsche Boerse AG","Germany","Euro","Software and Computer Services","Rubean","Active",
"RUBEAN (XET)","D:R1BX","R1B.DE","27.02.2023","2023","Equities","Xetra","Germany","Euro","Software and Computer Services","Rubean (XETRA)","Active",
"RWE (XET)","D:RWEX","RWEG.DE","01.07.1991","1991","Equities","Xetra","Germany","Euro","Gas, Water and Multi-utilities","RWE (XETRA)","Active",
"SAF-HOLLAND (XET)","D:SFQX","SFQ.DE","25.07.2007","2007","Equities","Xetra","Germany","Euro","Automobiles and Parts","SAF-Holland (XETRA)","Active",
"SALZGITTER (XET)","D:SZGX","SZGG.DE","12.10.1998","1998","Equities","Xetra","Germany","Euro","Industrial Metals and Mining","Salzgitter (XETRA)","Active",
"SAMARA ASSET GROUP (XET)","D:SRAGX","SRAG.DE","17.08.2022","2022","Equities","Xetra","Germany","Euro","Investment Banking and Brokerage Services","Samara Asset Group (XETRA)","Active",
"SAP (XET)","D:SAPX","SAPG.DE","18.12.1996","1996","Equities","Xetra","Germany","Euro","Software and Computer Services","SAP (XETRA)","Active",
"SARTORIUS (XET)","D:SRTX","SATG.DE","05.05.1999","1999","Equities","Xetra","Germany","Euro","Medical Equipment and Services","Sartorius (XETRA)","Active",
"SBF K","D:CY1K","CY1k.F","23.11.2006","2006","Equities","Deutsche Boerse AG","Germany","Euro","Electronic and Electrical Equipment","SBF K","Active",
"SCHAEFFLER (XET)","D:SHA0X","SHA0n.DE","09.10.2015","2015","Equities","Xetra","Germany","Euro","Automobiles and Parts","Schaeffler (XETRA)","Active",
"SCHERZER & CO.","D:PZS","PZSG.F","12.02.2004","2004","Equities","Deutsche Boerse AG","Germany","Euro","Investment Banking and Brokerage Services","Scherzer and Company","Active",
"SCHERZER & COMPANY (XET)","D:PZSX","PZSG.DE","26.09.2005","2005","Equities","Xetra","Germany","Euro","Investment Banking and Brokerage Services","Scherzer and Company (XETRA)","Active",
"SCHLOSS WACHENHEIM","D:SWA","SWAG.F","28.10.1988","1988","Equities","Deutsche Boerse AG","Germany","Euro","Beverages","Schloss Wachenheim","Active",
"SCHLOSS WACHENHEIM (XET)","D:SWAX","SWAG.DE","12.10.2000","2000","Equities","Xetra","Germany","Euro","Beverages","Schloss Wachenheim (XETRA)","Active",
"SCHNIGGE CAPITAL MARKETS","D:SHB3","SHB3.D","16.08.1999","1999","Equities","Duesseldorf","Germany","Euro","Investment Banking and Brokerage Services","Schnigge Capital Markets","Active",
"SCHOTT PHARMA (XET)","D:1SXPX","1SXP.DE","28.09.2023","2023","Equities","Xetra","Germany","Euro","Medical Equipment and Services","Schott Pharma (XETRA)","Active",
"SCHULTE SCHLAGBAUM","D:SSS","SSSG.D","04.10.1988","1988","Equities","Duesseldorf","Germany","Euro","Industrial Engineering","Schulte Schlagbaum","Active",
"SCHUMAG","D:SCM","SCMG.D","12.06.1985","1985","Equities","Duesseldorf","Germany","Euro","Medical Equipment and Services","Schumag","Active",
"SCHWABENVERLAG","D:SBV","SBVG.SG","28.10.1988","1988","Equities","Stuttgart","Germany","Euro","Media","Schwabenverlag","Active",
"SCHWAELBCHEN MOLKEREI","D:SMB","SMBG.F","13.10.1988","1988","Equities","Deutsche Boerse AG","Germany","Euro","Food Producers","Schwaelbchen Molkerei","Active",
"SCHWEIZER (XET) ELECTRONIC","D:SCEX","SWEGn.DE","25.03.2003","2003","Equities","Xetra","Germany","Euro","Technology Hardware and Equipment","Schweizer (XETRA) Electronic","Active",
"SCHWEIZER ELECTRONIC","D:SCE","SWEGn.F","07.07.1989","1989","Equities","Deutsche Boerse AG","Germany","Euro","Technology Hardware and Equipment","Schweizer Electronic","Active",
"SCI","D:SCI","SCIG.H","23.06.2006","2006","Equities","Hamburg","Germany","Euro","Investment Banking and Brokerage Services","SCI","Active",
"SCOUT24 (XET)","D:G24X","G24n.DE","01.10.2015","2015","Equities","Xetra","Germany","Euro","Software and Computer Services","SCOUT24 (XETRA)","Active",
"SDM N","D:75S","75Sn.F","25.10.2021","2021","Equities","Deutsche Boerse AG","Germany","Euro","Industrial Support Services","SDM N","Active",
"SECUNET SCTY.NET. (XET)","D:YSNX","YSNG.DE","10.11.1999","1999","Equities","Xetra","Germany","Euro","Software and Computer Services","Secunet Security Network (XETRA)","Active",
"SECURIZE IT SOLUTIONS","D:M14K","M14K.MU","29.12.2014","2014","Equities","Munich","Germany","Euro","Investment Banking and Brokerage Services","Securize IT Solutions","Active",
"SEKTKELLEREI J OPPMANN","D:1SK","1SKG.MU","30.07.2009","2009","Equities","Munich","Germany","Euro","Beverages","Sektkellerei J Oppmann","Active",
"SERVICEWARE","D:SJJ","SJJG.F","20.04.2018","2018","Equities","Deutsche Boerse AG","Germany","Euro","Software and Computer Services","Serviceware","Active",
"SERVICEWARE (XET)","D:SJJX","SJJG.DE","20.04.2018","2018","Equities","Xetra","Germany","Euro","Software and Computer Services","Serviceware (XETRA)","Active",
"SEVEN PRINCIPLES","D:T3T1","T3T1k.F","20.10.2005","2005","Equities","Deutsche Boerse AG","Germany","Euro","Software and Computer Services","Seven Principles","Active",
"SEVEN PRINCIPLES (XET)","D:T3T1X","T3T1k.DE","20.10.2005","2005","Equities","Xetra","Germany","Euro","Software and Computer Services","Seven Principles (XETRA)","Active",
"SFC ENERGY (XET)","D:F3CX","F3CG.DE","21.04.2006","2006","Equities","Xetra","Germany","Euro","Alternative Energy","SFC Energy (XETRA)","Active",
"SGL CARBON (XET)","D:SGLX","SGCG.DE","24.04.1996","1996","Equities","Xetra","Germany","Euro","Industrial Metals and Mining","SGL Carbon (XETRA)","Active",
"SHAREHOLDERS VALUE (XET)","D:SVEX","SHVA.DE","20.05.2002","2002","Equities","Xetra","Germany","Euro","Investment Banking and Brokerage Services","Shareholders Value (XETRA)","Active",
"SHAREHOLDERS VALUE BET.","D:SVE","SHVA.F","26.10.2001","2001","Equities","Deutsche Boerse AG","Germany","Euro","Investment Banking and Brokerage Services","Shareholders Value Beteiligung","Active",
"SHW N","D:SW10","SW10n.H","06.07.2011","2011","Equities","Hamburg","Germany","Euro","Non-life Insurance","SHW N","Active",
"SIEMENS (XET) HEALTHINEERS","D:SHLX","SHLG.DE","16.03.2018","2018","Equities","Xetra","Germany","Euro","Medical Equipment and Services","Siemens (XETRA) Healthineers","Active",
"SIEMENS ENERGY N (XET)","D:ENRX","ENR1n.DE","28.09.2020","2020","Equities","Xetra","Germany","Euro","Alternative Energy","Siemens Energy N (XETRA)","Active",
"SILTRONIC (XET)","D:WAFX","WAFGn.DE","11.06.2015","2015","Equities","Xetra","Germany","Euro","Technology Hardware and Equipment","Siltronic (XETRA)","Active",
"SINGULUS TECHNOLOGIES","D:SNG","SNGGk.F","24.11.1997","1997","Equities","Deutsche Boerse AG","Germany","Euro","Industrial Engineering","Singulus Technologies","Active",
"SINGULUS TECHS. (XET)","D:SNGX","SNGGk.DE","04.05.1998","1998","Equities","Xetra","Germany","Euro","Industrial Engineering","Singulus Technologies (XETRA)","Active",
"SINO (XET)","D:XTPX","XTPG.DE","18.10.2021","2021","Equities","Xetra","Germany","Euro","Investment Banking and Brokerage Services","Sino (XETRA)","Active",
"SINO GERMAN UNITED K","D:SGU","SGUG.F","30.04.1999","1999","Equities","Deutsche Boerse AG","Germany","Euro","Investment Banking and Brokerage Services","Sino German United K","Active",
"SIXT (XET)","D:SIX2X","SIXG.DE","23.03.1998","1998","Equities","Xetra","Germany","Euro","Consumer Services","Sixt (XETRA)","Active",
"SLOMAN NEP.SCHIFFAHRTS","D:NEP","NEPG.H","30.09.1988","1988","Equities","Hamburg","Germany","Euro","Industrial Transportation","Sloman Neptun Schiffahrts","Active",
"SM WIRTSCHAFTSBERATUNGS","D:SMWN","SMWN.F","09.02.1999","1999","Equities","Deutsche Boerse AG","Germany","Euro","Investment Banking and Brokerage Services","SM Wirtschaftsberatungs","Active",
"SM WIRTSHAFTSBERAT (XET)","D:SMWNX","SMWN.DE","11.10.2001","2001","Equities","Xetra","Germany","Euro","Investment Banking and Brokerage Services","SM Wirtshaftsberat (XETRA)","Active",
"SMA SOLAR TECH. (XET)","D:S92X","S92G.DE","26.06.2008","2008","Equities","Xetra","Germany","Euro","Alternative Energy","SMA Solar Technology (XETRA)","Active",
"SMART EQUITY","D:SE3","SE3G.H","02.05.2008","2008","Equities","Hamburg","Germany","Euro","Investment Banking and Brokerage Services","Smart Equity","Active",
"SMART GRIDS","D:BGZ","BGZG.H","28.08.2008","2008","Equities","Hamburg","Germany","Euro","Investment Banking and Brokerage Services","Smart Grids","Active",
"SMARTBROKER HOLDING(XET) K","D:SB1X","SB1G.DE","21.02.2006","2006","Equities","Xetra","Germany","Euro","Finance and Credit Services","Smartbroker Holding (XETRA) K","Active",
"SMG HOSPITALITY","D:RCVR","RCVR.F","01.06.2022","2022","Equities","Deutsche Boerse AG","Germany","Euro","Open End and Miscellaneous Investment Vehicles","SMG Hospitality","Active",
"SMT SCHARF N","D:S188","S188n.F","10.04.2007","2007","Equities","Deutsche Boerse AG","Germany","Euro","Industrial Transportation","SMT Scharf N","Active",
"SMT SCHARF N (XET)","D:S188X","S188n.DE","10.04.2007","2007","Equities","Xetra","Germany","Euro","Industrial Transportation","SMT Scharf N (XETRA)","Active",
"SNP SCHNNEUR.& PTN.(XET)","D:SHFX","SHFG.DE","04.06.2001","2001","Equities","Xetra","Germany","Euro","Software and Computer Services","SNP Schneider-Neureither and Partner (XETRA)","Active",
"SOFTING","D:SYT","SYTG.F","15.05.2000","2000","Equities","Deutsche Boerse AG","Germany","Euro","Software and Computer Services","Softing","Active",
"SOFTING (XET)","D:SYTX","SYTG.DE","15.05.2000","2000","Equities","Xetra","Germany","Euro","Software and Computer Services","Softing (XETRA)","Active",
"SOLUTIANCE N","D:SLSA","SLSAn.F","14.10.1997","1997","Equities","Deutsche Boerse AG","Germany","Euro","Software and Computer Services","Solutiance N","Active",
"SOLUTIANCE N (XET)","D:SLSAX","SLSAn.DE","05.06.2019","2019","Equities","Xetra","Germany","Euro","Software and Computer Services","Solutiance N (XETRA)","Active",
"SPAC FOUR","D:033A","033A.D","30.10.2023","2023","Equities","Duesseldorf","Germany","Euro","Open End and Miscellaneous Investment Vehicles","Spac Four","Active",
"SPIELVEREINIGUNG UNTERHACHING FUSSBALL","D:S6P","S6P.MU","26.07.2019","2019","Equities","Munich","Germany","Euro","Travel and Leisure","Spielvereinigung Unterhaching Fussball","Active",
"SPLENDID MEDIEN","D:SPM","SPME.H","23.09.1999","1999","Equities","Hamburg","Germany","Euro","Oil, Gas and Coal","Splendid Medien","Active",
"SPORTTOTAL","D:WIG1","WIGGk.F","06.11.2000","2000","Equities","Deutsche Boerse AG","Germany","Euro","Media","Sporttotal","Active",
"SPRINGER NATURE (XET)","D:SPGX","SPGG.DE","04.10.2024","2024","Equities","Xetra","Germany","Euro","Media","Springer Nature (XETRA)","Active",
"SQD AI STRATEGIES K","D:IPOK","IPOk.F","26.09.1988","1988","Equities","Deutsche Boerse AG","Germany","Euro","Investment Banking and Brokerage Services","SQD AI Strategies K","Active",
"SQD AI STRATEGIES K(XET)","D:IPOKX","IPOk.DE","05.03.2020","2020","Equities","Xetra","Germany","Euro","Investment Banking and Brokerage Services","SQD AI Strategies K (XETRA)","Active",
"STABILUS (XET)","D:STMX","STM1.DE","22.05.2014","2014","Equities","Xetra","Germany","Euro","Industrial Engineering","Stabilus (XETRA)","Active",
"STAGEWISE STRATEGIES","@STWI","STWI.PK","09.04.2026","2026","Equities","Non NASDAQ OTC","Germany","United States Dollar","Unclassified","Stagewise Strategies","Active",
"STAIGE ONE","D:SPC","SPC1.F","28.06.2021","2021","Equities","Deutsche Boerse AG","Germany","Euro","Investment Banking and Brokerage Services","Staige One","Active",
"STAIGE ONE (XET)","D:SPCX","SPC1.DE","01.10.2024","2024","Equities","Xetra","Germany","Euro","Investment Banking and Brokerage Services","Staige One (XETRA)","Active",
"STEICO (XET)","D:ST5X","ST5G.DE","22.06.2007","2007","Equities","Xetra","Germany","Euro","Construction and Materials","Steico (XETRA)","Active",
"STOCK3 N","D:BOG","BOGn.F","25.03.2022","2022","Equities","Deutsche Boerse AG","Germany","Euro","Software and Computer Services","STOCK3 N","Active",
"STOCK3 N (XET)","D:BOGX","BOGn.DE","07.09.2022","2022","Equities","Xetra","Germany","Euro","Software and Computer Services","STOCK3 N (XETRA)","Active",
"STRATEC (XET)","D:SBSX","SBSG.DE","21.09.2000","2000","Equities","Xetra","Germany","Euro","Medical Equipment and Services","Stratec (XETRA)","Active",
"STROEER (XET)","D:SAXX","SAXG.DE","14.07.2010","2010","Equities","Xetra","Germany","Euro","Media","Stroeer (XETRA)","Active",
"STS GROUP","D:SF3","SF3.F","22.05.2018","2018","Equities","Deutsche Boerse AG","Germany","Euro","Automobiles and Parts","States Group","Active",
"STS GROUP (XET)","D:SF3X","SF3.DE","01.06.2018","2018","Equities","Xetra","Germany","Euro","Automobiles and Parts","States Group (XETRA)","Active",
"SUEDZUCKER (XET)","D:SZUX","SZUG.DE","29.10.1998","1998","Equities","Xetra","Germany","Euro","Food Producers","Suedzucker (XETRA)","Active",
"SUNLINE","D:SU3","SU3G.MU","19.10.2005","2005","Equities","Munich","Germany","Euro","Electronic and Electrical Equipment","Sunline","Active",
"SURTECO GROUP","D:SUR","SURG.F","20.10.1999","1999","Equities","Deutsche Boerse AG","Germany","Euro","Household Goods and Home Construction","Surteco Group","Active",
"SURTECO GROUP (XET)","D:SURX","SURG.DE","20.10.1999","1999","Equities","Xetra","Germany","Euro","Household Goods and Home Construction","Surteco Group (XETRA)","Active",
"SUSS MICROTEC N (XET)","D:SMHNX","SMHNn.DE","19.05.1999","1999","Equities","Xetra","Germany","Euro","Technology Hardware and Equipment","Suss Microtec N (XETRA)","Active",
"SYMRISE (XET)","D:SY1X","SY1G.DE","08.12.2006","2006","Equities","Xetra","Germany","Euro","Chemicals","Symrise (XETRA)","Active",
"SYNBIOTIC N","D:SBX","SBXn.F","11.11.2019","2019","Equities","Deutsche Boerse AG","Germany","Euro","Pharmaceuticals and Biotechnology","Synbiotic N","Active",
"SYNBIOTIC N (XET)","D:SBXX","SBXn.DE","06.01.2021","2021","Equities","Xetra","Germany","Euro","Pharmaceuticals and Biotechnology","Synbiotic N (XETRA)","Active",
"SYZYGY","D:SYZ","SYZG.F","05.10.2000","2000","Equities","Deutsche Boerse AG","Germany","Euro","Software and Computer Services","Syzygy","Active",
"SYZYGY (XET)","D:SYZX","SYZG.DE","05.10.2000","2000","Equities","Xetra","Germany","Euro","Software and Computer Services","Syzygy (XETRA)","Active",
"TAG IMMOBILIEN (XET)","D:TEGX","TEGG.DE","27.11.2000","2000","Equities","Xetra","Germany","Euro","Real Estate Investment and Services","Tag Immobilien (XETRA)","Active",
"TAKKT","D:TTK","TTKG.F","15.09.1999","1999","Equities","Deutsche Boerse AG","Germany","Euro","Industrial Support Services","Takkt","Active",
"TAKKT (XET)","D:TTKX","TTKG.DE","15.09.1999","1999","Equities","Xetra","Germany","Euro","Industrial Support Services","Takkt (XETRA)","Active",
"TALANX AKTGSF. (XET)","D:TLXX","TLXGn.DE","01.10.2012","2012","Equities","Xetra","Germany","Euro","Non-life Insurance","Talanx Aktiengesellschaft (XETRA)","Active",
"TC UNTGKT.","D:TCU","TCUG.F","15.11.2000","2000","Equities","Deutsche Boerse AG","Germany","Euro","Leisure Goods","TC Unterhaltungselektronik","Active",
"TEAMVIEWER (XET)","D:TMVX","TMV.DE","25.09.2019","2019","Equities","Xetra","Germany","Euro","Software and Computer Services","Teamviewer (XETRA)","Active",
"TECHNOTRANS (XET)","D:TTR1X","TTRGn.DE","12.10.1998","1998","Equities","Xetra","Germany","Euro","Industrial Engineering","Technotrans (XETRA)","Active",
"TELESERVICE","D:TH51","TH51.MU","21.08.2012","2012","Equities","Munich","Germany","Euro","Telecommunications Service Providers","Teleservice","Active",
"THE NAGA GROUP K","D:N4G0","N4G0k.F","07.07.2017","2017","Equities","Deutsche Boerse AG","Germany","Euro","Software and Computer Services","The Naga Group K","Active",
"THE NAGA GROUP K (XET)","D:N4G0X","N4G0k.DE","10.07.2017","2017","Equities","Xetra","Germany","Euro","Software and Computer Services","The Naga Group K (XETRA)","Active",
"THE NEW MEAT COMPANY N","D:9AUA","9AUAn.D","25.09.2008","2008","Equities","Duesseldorf","Germany","Euro","Investment Banking and Brokerage Services","The New Meat Company N","Active",
"THE PAYMENTS GROUP N","D:PGH","PGHn.F","10.11.2015","2015","Equities","Deutsche Boerse AG","Germany","Euro","Investment Banking and Brokerage Services","The Payments Group N","Active",
"THE SOCIAL CHAIN N (FRA)","D:PU11","PU11n.F","19.08.2013","2013","Equities","Deutsche Boerse AG","Germany","Euro","Media","The Social Chain N (Frankfurt)","Active",
"THYSSENKRUPP (XET)","D:TKAX","TKAG.DE","01.07.1991","1991","Equities","Xetra","Germany","Euro","General Industrials","ThyssenKrupp (XETRA)","Active",
"THYSSENKRUPP NUCERA(XET)","D:NCH2X","NCH2.DE","07.07.2023","2023","Equities","Xetra","Germany","Euro","Alternative Energy","ThyssenKrupp Nucera (XETRA)","Active",
"TICK TRAD SOFTWARE","D:TBX0","TBX0.F","15.05.2017","2017","Equities","Deutsche Boerse AG","Germany","Euro","Software and Computer Services","Tick Trad Software","Active",
"TIN INN N (XET)","D:TIWX","TIWn.DE","19.05.2025","2025","Equities","Xetra","Germany","Euro","Travel and Leisure","Tin Inn N (XETRA)","Active",
"TISCON","D:TIS0","TIS0.F","13.10.1999","1999","Equities","Deutsche Boerse AG","Germany","Euro","Software and Computer Services","Tiscon","Active",
"TKMS (XET)","D:TKMSX","TKMS.DE","20.10.2025","2025","Equities","Xetra","Germany","Euro","Aerospace and Defense","TKMS (XETRA)","Active",
"TOKENTUS INVESTMENT N","D:14D","14Dn.F","03.08.2021","2021","Equities","Deutsche Boerse AG","Germany","Euro","Investment Banking and Brokerage Services","Tokentus Investment N","Active",
"TOKENTUS INVESTMENT(XET) N","D:14DX","14Dn.DE","04.10.2021","2021","Equities","Xetra","Germany","Euro","Investment Banking and Brokerage Services","Tokentus Investment (XETRA) N","Active",
"TONIES (XET)","D:TNIEX","TNIE.DE","30.04.2021","2021","Equities","Xetra","Germany","Euro","Leisure Goods","Tonies (XETRA)","Active",
"TONKENS AGRAR","D:GTK","GTK.F","06.07.2010","2010","Equities","Deutsche Boerse AG","Germany","Euro","Food Producers","Tonkens Agrar","Active",
"TONKENS AGRAR (XET)","D:GTKX","GTK.DE","07.07.2010","2010","Equities","Xetra","Germany","Euro","Food Producers","Tonkens Agrar (XETRA)","Active",
"TRADE & VALUE","D:TAV","TAV.H","09.11.2004","2004","Equities","Hamburg","Germany","Euro","Investment Banking and Brokerage Services","Trade and Value","Active",
"TRATON (XET)","D:8TRAX","8TRA.DE","28.06.2019","2019","Equities","Xetra","Germany","Euro","Industrial Transportation","Traton (XETRA)","Active",
"TRAUMHAUS","D:TRU","TRUG.MU","20.08.2018","2018","Equities","Munich","Germany","Euro","Household Goods and Home Construction","Traumhaus","Active",
"TRIVAGO N V AMER. DEPY. SHS.1:5","@TRVG","TRVG.O","16.12.2016","2016","Equities","NASDAQ","Germany","United States Dollar","Travel and Leisure","Trivago N V American Depositary Shares 1:5","Active",
"TTL BETEILIGUNGS- (XET) UND GRUNDBESITZ","D:TTOX","TTOG.DE","08.10.2018","2018","Equities","Xetra","Germany","Euro","Real Estate Investment and Services","TTL Beteiligungs- (XETRA) und Grundbesitz","Active",
"TTL BETEILIGUNGS- UND GRUNDBESITZ","D:TTO","TTOG.F","12.07.1999","1999","Equities","Deutsche Boerse AG","Germany","Euro","Real Estate Investment and Services","TTL Beteiligungs- und Grundbesitz","Active",
"TUBESOLAR","D:9TS","9TS.D","14.02.2020","2020","Equities","Duesseldorf","Germany","Euro","Alternative Energy","Tubesolar","Active",
"TUI N (XET)","D:TUI1X","TUI1n.DE","01.07.1991","1991","Equities","Xetra","Germany","Euro","Travel and Leisure","TUI N (XETRA)","Active",
"TURBON","D:TUR","TURG.F","25.10.1991","1991","Equities","Deutsche Boerse AG","Germany","Euro","Technology Hardware and Equipment","Turbon","Active",
"U C A","D:UCA1","UCA1.F","08.12.1998","1998","Equities","Deutsche Boerse AG","Germany","Euro","Investment Banking and Brokerage Services","U C A","Active",
"UESTRA HAN.VKBTBE.","D:HVB","HVBG.F","30.09.1988","1988","Equities","Deutsche Boerse AG","Germany","Euro","Travel and Leisure","Uestra Hannoversche Verkehrsbetriebe","Active",
"UMT UNITED MOBILITY TECHNOLOGY K","D:UMD","UMDGk.F","06.10.2008","2008","Equities","Deutsche Boerse AG","Germany","Euro","Software and Computer Services","UMT United Mobility Technology K","Active",
"UMT UNITED MOBILITY(XET) TECHNOLOGY K","D:UMDX","UMDGk.DE","06.10.2008","2008","Equities","Xetra","Germany","Euro","Software and Computer Services","UMT United Mobility (XETRA) Technology K","Active",
"UMWELTBANK","D:UBK","UBKG.F","22.06.2001","2001","Equities","Deutsche Boerse AG","Germany","Euro","Banks","Umweltbank","Active",
"UMWELTBANK (XET)","D:UBKX","UBKG.DE","09.07.2001","2001","Equities","Xetra","Germany","Euro","Banks","Umweltbank (XETRA)","Active",
"UNIDEVICE","D:UDC","UDCG.H","06.03.2018","2018","Equities","Hamburg","Germany","Euro","Alternative Energy","Unidevice","Active",
"UNIPER K (XET)","D:UN0X","UN0k.DE","12.09.2016","2016","Equities","Xetra","Germany","Euro","Gas, Water and Multi-utilities","Uniper K (XETRA)","Active",
"UNITED INTERNET (XET)","D:UTDIX","UTDI.DE","12.10.1998","1998","Equities","Xetra","Germany","Euro","Telecommunications Service Providers","United Internet (XETRA)","Active",
"UNITED LABELS","D:ULC","ULCG.F","09.05.2000","2000","Equities","Deutsche Boerse AG","Germany","Euro","Retailers","United Labels","Active",
"UNITED LABELS (XET)","D:ULCX","ULCG.DE","09.05.2000","2000","Equities","Xetra","Germany","Euro","Retailers","United Labels (XETRA)","Active",
"UPAC","D:3YO","3YO.D","25.11.2021","2021","Equities","Duesseldorf","Germany","Euro","Investment Banking and Brokerage Services","Upac","Active",
"USU VENTURES K","D:OSP2","OSPGk.H","20.03.2000","2000","Equities","Hamburg","Germany","Euro","Real Estate Investment and Services","USU Ventures K","Active",
"UTRANOS","D:X39","X39.D","17.02.2025","2025","Equities","Duesseldorf","Germany","Euro","Industrial Support Services","Utranos","Active",
"UZIN UTZ (XET)","D:UZUX","UZU.DE","12.08.1999","1999","Equities","Xetra","Germany","Euro","Construction and Materials","Uzin UTZ (XETRA)","Active",
"VALORA EFFEKTEN HANDEL","D:VEH","VEHG.F","04.08.1997","1997","Equities","Deutsche Boerse AG","Germany","Euro","Investment Banking and Brokerage Services","Valora Effekten Handel","Active",
"VALUE-HOLDINGS","D:VHO","VHOG.SG","22.07.1999","1999","Equities","Stuttgart","Germany","Euro","Investment Banking and Brokerage Services","Value-Holdings","Active",
"VALUE-HOLDINGS INTL.","D:NW4","NW4G.H","19.10.2007","2007","Equities","Hamburg","Germany","Euro","Industrial Metals and Mining","Value-Holdings International","Active",
"VECTRON SYSTEMS","D:V3S","V3SG.H","22.03.2007","2007","Equities","Hamburg","Germany","Euro","Media","Vectron Systems","Active",
"VER.FILZFABRIKEN","D:VFF","VFFG.MU","30.09.1988","1988","Equities","Munich","Germany","Euro","Industrial Materials","Vereinigte Filzfabriken","Active",
"VERBIO (XET)","D:VBKX","VBKG.DE","13.10.2006","2006","Equities","Xetra","Germany","Euro","Alternative Energy","Verbio (XETRA)","Active",
"VERIANOS","D:VROS","GIVG.SG","09.08.1995","1995","Equities","Stuttgart","Germany","Euro","General Industrials","Verianos","Active",
"VERTEQ","D:6U0","6U0.HA","09.12.2025","2025","Equities","Hanover","Germany","Euro","Investment Banking and Brokerage Services","Verteq","Active",
"VIA OPTR.HLDG.AG AMER. DEPY.SHS.5:1","@VIAOY","VIAOY.PK","25.09.2020","2020","Equities","Non NASDAQ OTC","Germany","United States Dollar","Industrial Engineering","Via Optr Holding AG American Depositary Shares 5:1","Active",
"VIB VERMOEGEN N (XET)","D:VIH1X","VIH1n.DE","28.11.2005","2005","Equities","Xetra","Germany","Euro","Real Estate Investment and Services","VIB Vermoegen N (XETRA)","Active",
"VINCORION (XET)","D:V1NCX","V1NC.DE","20.03.2026","2026","Equities","Xetra","Germany","Euro","Aerospace and Defense","Vincorion (XETRA)","Active",
"VIROMED MEDICAL N","D:VME","VMEn.F","04.05.2022","2022","Equities","Deutsche Boerse AG","Germany","Euro","Investment Banking and Brokerage Services","Viromed Medical N","Active",
"VISCOM","D:V6C","V6CG.F","09.05.2006","2006","Equities","Deutsche Boerse AG","Germany","Euro","Technology Hardware and Equipment","Viscom","Active",
"VISCOM (XET)","D:V6CX","V6CG.DE","09.05.2006","2006","Equities","Xetra","Germany","Euro","Technology Hardware and Equipment","Viscom (XETRA)","Active",
"VITRUVIA MEDICAL","D:991","991.MU","12.05.2021","2021","Equities","Munich","Germany","Euro","Medical Equipment and Services","Vitruvia Medical","Active",
"VOLKSWAGEN (XET)","D:VOWX","VOWG.DE","01.07.1991","1991","Equities","Xetra","Germany","Euro","Automobiles and Parts","Volkswagen (XETRA)","Active",
"VOLTATRON","D:VOTR","VOTR.F","13.10.2017","2017","Equities","Deutsche Boerse AG","Germany","Euro","Automobiles and Parts","Voltatron","Active",
"VOLTATRON (XET)","D:VOTRX","VOTR.DE","13.10.2017","2017","Equities","Xetra","Germany","Euro","Automobiles and Parts","Voltatron (XETRA)","Active",
"VONOVIA (XET)","D:VNAX","VNAn.DE","10.07.2013","2013","Equities","Xetra","Germany","Euro","Real Estate Investment and Services","Vonovia (XETRA)","Active",
"VOSSLOH (XET)","D:VOSX","VOSG.DE","18.08.1997","1997","Equities","Xetra","Germany","Euro","Industrial Transportation","Vossloh (XETRA)","Active",
"WACKER CHEMIE (XET)","D:WCHX","WCHG.DE","10.04.2006","2006","Equities","Xetra","Germany","Euro","Chemicals","Wacker Chemie (XETRA)","Active",
"WACKER NEUSON N (XET)","D:WACX","WACGn.DE","14.05.2007","2007","Equities","Xetra","Germany","Euro","Industrial Engineering","Wacker Neuson N (XETRA)","Active",
"WALLIX","F:ALLX","ALLIX.PA","15.06.2015","2015","Equities","Euronext.liffe Paris","Germany","Euro","Software and Computer Services","Wallix","Active",
"WASGAU PDK.& HANDELS","D:MSH","MSHGn.F","05.10.1994","1994","Equities","Deutsche Boerse AG","Germany","Euro","Personal Care, Drug and Grocery Stores","Wasgau Produktions and Handels","Active",
"WASHTEC (XET)","D:WSUX","WSU.DE","02.11.1998","1998","Equities","Xetra","Germany","Euro","Industrial Engineering","Washtec (XETRA)","Active",
"WEBAC-HOLDING","D:RKB","RKBG.F","07.08.1987","1987","Equities","Deutsche Boerse AG","Germany","Euro","Industrial Engineering","Webac-Holding","Active",
"WEGROW AG INHABER- (XET) AKTIEN O N","D:ZN2X","ZN2.DE","08.09.2025","2025","Equities","Xetra","Germany","Euro","Industrial Materials","Wegrow AG Inhaber- (XETRA) Aktien O N","Active",
"WEGROW AG INHABER- AKTIEN O N","D:ZN2","ZN2.F","27.09.2024","2024","Equities","Deutsche Boerse AG","Germany","Euro","Industrial Materials","Wegrow AG Inhaber- Aktien O N","Active",
"WENG FINE ART","D:WFA","WFTG.F","17.05.2018","2018","Equities","Deutsche Boerse AG","Germany","Euro","Consumer Services","Weng Fine Art","Active",
"WENG FINE ART (XET)","D:WFAX","WFTG.DE","21.09.2020","2020","Equities","Xetra","Germany","Euro","Consumer Services","Weng Fine Art (XETRA)","Active",
"WESTAG","D:WUG","WUG.H","26.09.1988","1988","Equities","Hamburg","Germany","Euro","Construction and Materials","Westag","Active",
"WESTWING GROUP (XET)","D:WEWX","WEW.DE","09.10.2018","2018","Equities","Xetra","Germany","Euro","Retailers","Westwing Group (XETRA)","Active",
"WIRECARD","D:WDI","WDIG.H","24.10.2000","2000","Equities","Hamburg","Germany","Euro","Industrial Support Services","Wirecard","Active",
"WR WOHNRAUM","D:88D","88D.MU","30.11.2020","2020","Equities","Munich","Germany","Euro","Real Estate Investment and Services","WR Wohnraum","Active",
"WUESTENROT & WUERTT(XET)","D:WUWX","WUWGn.DE","13.09.1999","1999","Equities","Xetra","Germany","Euro","Investment Banking and Brokerage Services","Wuestenrot and Wuertt (XETRA)","Active",
"YGGDRASIL SPAC 1","D:H64","H64.D","09.10.2023","2023","Equities","Duesseldorf","Germany","Euro","Open End and Miscellaneous Investment Vehicles","Yggdrasil Spac 1","Active",
"YOC","D:YOC","YOCG.F","01.06.2006","2006","Equities","Deutsche Boerse AG","Germany","Euro","Media","YOC","Active",
"YOC (XET)","D:YOCX","YOCG.DE","01.06.2006","2006","Equities","Xetra","Germany","Euro","Media","YOC (XETRA)","Active",
"YOUR FAMILY ENTM.","D:RTV","RTVGn.F","07.06.1999","1999","Equities","Deutsche Boerse AG","Germany","Euro","Telecommunications Service Providers","Your Family Entertainment","Active",
"YOUR FAMILY ENTM. (XET)","D:RTVX","RTVGn.DE","01.06.2021","2021","Equities","Xetra","Germany","Euro","Telecommunications Service Providers","Your Family Entertainment (XETRA)","Active",
"ZALANDO (XET)","D:ZALX","ZALG.DE","30.09.2014","2014","Equities","Xetra","Germany","Euro","Retailers","Zalando (XETRA)","Active",
"ZEAL NETWORK N (XET)","D:TIMAX","TIMAn.DE","11.10.2005","2005","Equities","Xetra","Germany","Euro","Travel and Leisure","Zeal Network N (XETRA)","Active",
"ZHONGDE WASTE TECH.","D:ZEF","ZEFG.F","05.07.2007","2007","Equities","Deutsche Boerse AG","Germany","Euro","Waste and Disposal Services","Zhongde Waste Technology","Active",
